k.Name,Description,d.Rate,foo0,foo1,foo2,foo3,foo4,foo5,foo6,foo7
buff_0,my buff of amazeballs,1.3,bar0,bar1,bar2,bar3,bar4,bar5,bar6,bar7
buff_1,my buff of amazeballs,1.3,bar0,bar1,bar2,bar3,bar4,bar5,bar6,bar7
buff_2,my buff of amazeballs,1.3,bar0,bar1,bar2,bar3,bar4,bar5,bar6,bar7
buff_3,my buff of amazeballs,1.3,bar0,bar1,bar2,bar3,bar4,bar5,bar6,bar7
buff_4,my buff of amazeballs,1.3,bar0,bar1,bar2,bar3,bar4,bar5,bar6,bar7
buff_5,my buff of amazeballs,1.3,bar0,bar1,bar2,bar3,bar4,bar5,bar6,bar7
buff_6,my buff of amazeballs,1.3,bar0,bar1,bar2,bar3,bar4,bar5,bar6,bar7
buff_7,my buff of amazeballs,1.3,bar0,bar1,bar2,bar3,bar4,bar5,bar6,bar7
buff_8,my buff of amazeballs,1.3,bar0,bar1,bar2,bar3,bar4,bar5,bar6,bar7
buff_9,my buff of amazeballs,1.3,bar0,bar1,bar2,bar3,bar4,bar5,bar6,bar7
buff_10,my buff of amazeballs,1.3,bar0,bar1,bar2,bar3,bar4,bar5,bar6,bar7
buff_11,my buff of amazeballs,1.3,bar0,bar1,bar2,bar3,bar4,bar5,bar6,bar7
buff_12,my buff of amazeballs,1.3,bar0,bar1,bar2,bar3,bar4,bar5,bar6,bar7
buff_13,my buff of amazeballs,1.3,bar0,bar1,bar2,bar3,bar4,bar5,bar6,bar7
buff_14,my buff of amazeballs,1.3,bar0,bar1,bar2,bar3,bar4,bar5,bar6,bar7
buff_15,my buff of amazeballs,1.3,bar0,bar1,bar2,bar3,bar4,bar5,bar6,bar7
buff_16,my buff of amazeballs,1.3,bar0,bar1,bar2,bar3,bar4,bar5,bar6,bar7
buff_17,my buff of amazeballs,1.3,bar0,bar1,bar2,bar3,bar4,bar5,bar6,bar7
buff_18,my buff of amazeballs,1.3,bar0,bar1,bar2,bar3,bar4,bar5,bar6,bar7
buff_19,my buff of amazeballs,1.3,bar0,bar1,bar2,bar3,bar4,bar5,bar6,bar7
buff_20,my buff of amazeballs,1.3,bar0,bar1,bar2,bar3,bar4,bar5,bar6,bar7
buff_21,my buff of amazeballs,1.3,bar0,bar1,bar2,bar3,bar4,bar5,bar6,bar7
buff_22,my buff of amazeballs,1.3,bar0,bar1,bar2,bar3,bar4,bar5,bar6,bar7
buff_23,my buff of amazeballs,1.3,bar0,bar1,bar2,bar3,bar4,bar5,bar6,bar7
buff_24,my buff of amazeballs,1.3,bar0,bar1,bar2,bar3,bar4,bar5,bar6,bar7
buff_25,my buff of amazeballs,1.3,bar0,bar1,bar2,bar3,bar4,bar5,bar6,bar7
buff_26,my buff of amazeballs,1.3,bar0,bar1,bar2,bar3,bar4,bar5,bar6,bar7
buff_27,my buff of amazeballs,1.3,bar0,bar1,bar2,bar3,bar4,bar5,bar6,bar7
buff_28,my buff of amazeballs,1.3,bar0,bar1,bar2,bar3,bar4,bar5,bar6,bar7
buff_29,my buff of amazeballs,1.3,bar0,bar1,bar2,bar3,bar4,bar5,bar6,bar7
buff_30,my buff of amazeballs,1.3,bar0,bar1,bar2,bar3,bar4,bar5,bar6,bar7
buff_31,my buff of amazeballs,1.3,bar0,bar1,bar2,bar3,bar4,bar5,bar6,bar7
buff_32,my buff of amazeballs,1.3,bar0,bar1,bar2,bar3,bar4,bar5,bar6,bar7
buff_33,my buff of amazeballs,1.3,bar0,bar1,bar2,bar3,bar4,bar5,bar6,bar7
buff_34,my buff of amazeballs,1.3,bar0,bar1,bar2,bar3,bar4,bar5,bar6,bar7
buff_35,my buff of amazeballs,1.3,bar0,bar1,bar2,bar3,bar4,bar5,bar6,bar7
buff_36,my buff of amazeballs,1.3,bar0,bar1,bar2,bar3,bar4,bar5,bar6,bar7
buff_37,my buff of amazeballs,1.3,bar0,bar1,bar2,bar3,bar4,bar5,bar6,bar7
buff_38,my buff of amazeballs,1.3,bar0,bar1,bar2,bar3,bar4,bar5,bar6,bar7
buff_39,my buff of amazeballs,1.3,bar0,bar1,bar2,bar3,bar4,bar5,bar6,bar7
buff_40,my buff of amazeballs,1.3,bar0,bar1,bar2,bar3,bar4,bar5,bar6,bar7
buff_41,my buff of amazeballs,1.3,bar0,bar1,bar2,bar3,bar4,bar5,bar6,bar7
buff_42,my buff of amazeballs,1.3,bar0,bar1,bar2,bar3,bar4,bar5,bar6,bar7
buff_43,my buff of amazeballs,1.3,bar0,bar1,bar2,bar3,bar4,bar5,bar6,bar7
buff_44,my buff of amazeballs,1.3,bar0,bar1,bar2,bar3,bar4,bar5,bar6,bar7
buff_45,my buff of amazeballs,1.3,bar0,bar1,bar2,bar3,bar4,bar5,bar6,bar7
buff_46,my buff of amazeballs,1.3,bar0,bar1,bar2,bar3,bar4,bar5,bar6,bar7
buff_47,my buff of amazeballs,1.3,bar0,bar1,bar2,bar3,bar4,bar5,bar6,bar7
buff_48,my buff of amazeballs,1.3,bar0,bar1,bar2,bar3,bar4,bar5,bar6,bar7
buff_49,my buff of amazeballs,1.3,bar0,bar1,bar2,bar3,bar4,bar5,bar6,bar7
buff_50,my buff of amazeballs,1.3,bar0,bar1,bar2,bar3,bar4,bar5,bar6,bar7
buff_51,my buff of amazeballs,1.3,bar0,bar1,bar2,bar3,bar4,bar5,bar6,bar7
buff_52,my buff of amazeballs,1.3,bar0,bar1,bar2,bar3,bar4,bar5,bar6,bar7
buff_53,my buff of amazeballs,1.3,bar0,bar1,bar2,bar3,bar4,bar5,bar6,bar7
buff_54,my buff of amazeballs,1.3,bar0,bar1,bar2,bar3,bar4,bar5,bar6,bar7
buff_55,my buff of amazeballs,1.3,bar0,bar1,bar2,bar3,bar4,bar5,bar6,bar7
buff_56,my buff of amazeballs,1.3,bar0,bar1,bar2,bar3,bar4,bar5,bar6,bar7
buff_57,my buff of amazeballs,1.3,bar0,bar1,bar2,bar3,bar4,bar5,bar6,bar7
buff_58,my buff of amazeballs,1.3,bar0,bar1,bar2,bar3,bar4,bar5,bar6,bar7
buff_59,my buff of amazeballs,1.3,bar0,bar1,bar2,bar3,bar4,bar5,bar6,bar7
buff_60,my buff of amazeballs,1.3,bar0,bar1,bar2,bar3,bar4,bar5,bar6,bar7
buff_61,my buff of amazeballs,1.3,bar0,bar1,bar2,bar3,bar4,bar5,bar6,bar7
buff_62,my buff of amazeballs,1.3,bar0,bar1,bar2,bar3,bar4,bar5,bar6,bar7
buff_63,my buff of amazeballs,1.3,bar0,bar1,bar2,bar3,bar4,bar5,bar6,bar7
buff_64,my buff of amazeballs,1.3,bar0,bar1,bar2,bar3,bar4,bar5,bar6,bar7
buff_65,my buff of amazeballs,1.3,bar0,bar1,bar2,bar3,bar4,bar5,bar6,bar7
buff_66,my buff of amazeballs,1.3,bar0,bar1,bar2,bar3,bar4,bar5,bar6,bar7
buff_67,my buff of amazeballs,1.3,bar0,bar1,bar2,bar3,bar4,bar5,bar6,bar7
buff_68,my buff of amazeballs,1.3,bar0,bar1,bar2,bar3,bar4,bar5,bar6,bar7
buff_69,my buff of amazeballs,1.3,bar0,bar1,bar2,bar3,bar4,bar5,bar6,bar7
buff_70,my buff of amazeballs,1.3,bar0,bar1,bar2,bar3,bar4,bar5,bar6,bar7
buff_71,my buff of amazeballs,1.3,bar0,bar1,bar2,bar3,bar4,bar5,bar6,bar7
buff_72,my buff of amazeballs,1.3,bar0,bar1,bar2,bar3,bar4,bar5,bar6,bar7
buff_73,my buff of amazeballs,1.3,bar0,bar1,bar2,bar3,bar4,bar5,bar6,bar7
buff_74,my buff of amazeballs,1.3,bar0,bar1,bar2,bar3,bar4,bar5,bar6,bar7
buff_75,my buff of amazeballs,1.3,bar0,bar1,bar2,bar3,bar4,bar5,bar6,bar7
buff_76,my buff of amazeballs,1.3,bar0,bar1,bar2,bar3,bar4,bar5,bar6,bar7
buff_77,my buff of amazeballs,1.3,bar0,bar1,bar2,bar3,bar4,bar5,bar6,bar7
buff_78,my buff of amazeballs,1.3,bar0,bar1,bar2,bar3,bar4,bar5,bar6,bar7
buff_79,my buff of amazeballs,1.3,bar0,bar1,bar2,bar3,bar4,bar5,bar6,bar7
buff_80,my buff of amazeballs,1.3,bar0,bar1,bar2,bar3,bar4,bar5,bar6,bar7
buff_81,my buff of amazeballs,1.3,bar0,bar1,bar2,bar3,bar4,bar5,bar6,bar7
buff_82,my buff of amazeballs,1.3,bar0,bar1,bar2,bar3,bar4,bar5,bar6,bar7
buff_83,my buff of amazeballs,1.3,bar0,bar1,bar2,bar3,bar4,bar5,bar6,bar7
buff_84,my buff of amazeballs,1.3,bar0,bar1,bar2,bar3,bar4,bar5,bar6,bar7
buff_85,my buff of amazeballs,1.3,bar0,bar1,bar2,bar3,bar4,bar5,bar6,bar7
buff_86,my buff of amazeballs,1.3,bar0,bar1,bar2,bar3,bar4,bar5,bar6,bar7
buff_87,my buff of amazeballs,1.3,bar0,bar1,bar2,bar3,bar4,bar5,bar6,bar7
buff_88,my buff of amazeballs,1.3,bar0,bar1,bar2,bar3,bar4,bar5,bar6,bar7
buff_89,my buff of amazeballs,1.3,bar0,bar1,bar2,bar3,bar4,bar5,bar6,bar7
buff_90,my buff of amazeballs,1.3,bar0,bar1,bar2,bar3,bar4,bar5,bar6,bar7
buff_91,my buff of amazeballs,1.3,bar0,bar1,bar2,bar3,bar4,bar5,bar6,bar7
buff_92,my buff of amazeballs,1.3,bar0,bar1,bar2,bar3,bar4,bar5,bar6,bar7
buff_93,my buff of amazeballs,1.3,bar0,bar1,bar2,bar3,bar4,bar5,bar6,bar7
buff_94,my buff of amazeballs,1.3,bar0,bar1,bar2,bar3,bar4,bar5,bar6,bar7
buff_95,my buff of amazeballs,1.3,bar0,bar1,bar2,bar3,bar4,bar5,bar6,bar7
buff_96,my buff of amazeballs,1.3,bar0,bar1,bar2,bar3,bar4,bar5,bar6,bar7
buff_97,my buff of amazeballs,1.3,bar0,bar1,bar2,bar3,bar4,bar5,bar6,bar7
buff_98,my buff of amazeballs,1.3,bar0,bar1,bar2,bar3,bar4,bar5,bar6,bar7
buff_99,my buff of amazeballs,1.3,bar0,bar1,bar2,bar3,bar4,bar5,bar6,bar7
buff_100,my buff of amazeballs,1.3,bar0,bar1,bar2,bar3,bar4,bar5,bar6,bar7
buff_101,my buff of amazeballs,1.3,bar0,bar1,bar2,bar3,bar4,bar5,bar6,bar7
buff_102,my buff of amazeballs,1.3,bar0,bar1,bar2,bar3,bar4,bar5,bar6,bar7
buff_103,my buff of amazeballs,1.3,bar0,bar1,bar2,bar3,bar4,bar5,bar6,bar7
buff_104,my buff of amazeballs,1.3,bar0,bar1,bar2,bar3,bar4,bar5,bar6,bar7
buff_105,my buff of amazeballs,1.3,bar0,bar1,bar2,bar3,bar4,bar5,bar6,bar7
buff_106,my buff of amazeballs,1.3,bar0,bar1,bar2,bar3,bar4,bar5,bar6,bar7
buff_107,my buff of amazeballs,1.3,bar0,bar1,bar2,bar3,bar4,bar5,bar6,bar7
buff_108,my buff of amazeballs,1.3,bar0,bar1,bar2,bar3,bar4,bar5,bar6,bar7
buff_109,my buff of amazeballs,1.3,bar0,bar1,bar2,bar3,bar4,bar5,bar6,bar7
buff_110,my buff of amazeballs,1.3,bar0,bar1,bar2,bar3,bar4,bar5,bar6,bar7
buff_111,my buff of amazeballs,1.3,bar0,bar1,bar2,bar3,bar4,bar5,bar6,bar7
buff_112,my buff of amazeballs,1.3,bar0,bar1,bar2,bar3,bar4,bar5,bar6,bar7
buff_113,my buff of amazeballs,1.3,bar0,bar1,bar2,bar3,bar4,bar5,bar6,bar7
buff_114,my buff of amazeballs,1.3,bar0,bar1,bar2,bar3,bar4,bar5,bar6,bar7
buff_115,my buff of amazeballs,1.3,bar0,bar1,bar2,bar3,bar4,bar5,bar6,bar7
buff_116,my buff of amazeballs,1.3,bar0,bar1,bar2,bar3,bar4,bar5,bar6,bar7
buff_117,my buff of amazeballs,1.3,bar0,bar1,bar2,bar3,bar4,bar5,bar6,bar7
buff_118,my buff of amazeballs,1.3,bar0,bar1,bar2,bar3,bar4,bar5,bar6,bar7
buff_119,my buff of amazeballs,1.3,bar0,bar1,bar2,bar3,bar4,bar5,bar6,bar7
buff_120,my buff of amazeballs,1.3,bar0,bar1,bar2,bar3,bar4,bar5,bar6,bar7
buff_121,my buff of amazeballs,1.3,bar0,bar1,bar2,bar3,bar4,bar5,bar6,bar7
buff_122,my buff of amazeballs,1.3,bar0,bar1,bar2,bar3,bar4,bar5,bar6,bar7
buff_123,my buff of amazeballs,1.3,bar0,bar1,bar2,bar3,bar4,bar5,bar6,bar7
buff_124,my buff of amazeballs,1.3,bar0,bar1,bar2,bar3,bar4,bar5,bar6,bar7
buff_125,my buff of amazeballs,1.3,bar0,bar1,bar2,bar3,bar4,bar5,bar6,bar7
buff_126,my buff of amazeballs,1.3,bar0,bar1,bar2,bar3,bar4,bar5,bar6,bar7
buff_127,my buff of amazeballs,1.3,bar0,bar1,bar2,bar3,bar4,bar5,bar6,bar7
buff_128,my buff of amazeballs,1.3,bar0,bar1,bar2,bar3,bar4,bar5,bar6,bar7
buff_129,my buff of amazeballs,1.3,bar0,bar1,bar2,bar3,bar4,bar5,bar6,bar7
buff_130,my buff of amazeballs,1.3,bar0,bar1,bar2,bar3,bar4,bar5,bar6,bar7
buff_131,my buff of amazeballs,1.3,bar0,bar1,bar2,bar3,bar4,bar5,bar6,bar7
buff_132,my buff of amazeballs,1.3,bar0,bar1,bar2,bar3,bar4,bar5,bar6,bar7
buff_133,my buff of amazeballs,1.3,bar0,bar1,bar2,bar3,bar4,bar5,bar6,bar7
buff_134,my buff of amazeballs,1.3,bar0,bar1,bar2,bar3,bar4,bar5,bar6,bar7
buff_135,my buff of amazeballs,1.3,bar0,bar1,bar2,bar3,bar4,bar5,bar6,bar7
buff_136,my buff of amazeballs,1.3,bar0,bar1,bar2,bar3,bar4,bar5,bar6,bar7
buff_137,my buff of amazeballs,1.3,bar0,bar1,bar2,bar3,bar4,bar5,bar6,bar7
buff_138,my buff of amazeballs,1.3,bar0,bar1,bar2,bar3,bar4,bar5,bar6,bar7
buff_139,my buff of amazeballs,1.3,bar0,bar1,bar2,bar3,bar4,bar5,bar6,bar7
buff_140,my buff of amazeballs,1.3,bar0,bar1,bar2,bar3,bar4,bar5,bar6,bar7
buff_141,my buff of amazeballs,1.3,bar0,bar1,bar2,bar3,bar4,bar5,bar6,bar7
buff_142,my buff of amazeballs,1.3,bar0,bar1,bar2,bar3,bar4,bar5,bar6,bar7
buff_143,my buff of amazeballs,1.3,bar0,bar1,bar2,bar3,bar4,bar5,bar6,bar7
buff_144,my buff of amazeballs,1.3,bar0,bar1,bar2,bar3,bar4,bar5,bar6,bar7
buff_145,my buff of amazeballs,1.3,bar0,bar1,bar2,bar3,bar4,bar5,bar6,bar7
buff_146,my buff of amazeballs,1.3,bar0,bar1,bar2,bar3,bar4,bar5,bar6,bar7
buff_147,my buff of amazeballs,1.3,bar0,bar1,bar2,bar3,bar4,bar5,bar6,bar7
buff_148,my buff of amazeballs,1.3,bar0,bar1,bar2,bar3,bar4,bar5,bar6,bar7
buff_149,my buff of amazeballs,1.3,bar0,bar1,bar2,bar3,bar4,bar5,bar6,bar7
buff_150,my buff of amazeballs,1.3,bar0,bar1,bar2,bar3,bar4,bar5,bar6,bar7
buff_151,my buff of amazeballs,1.3,bar0,bar1,bar2,bar3,bar4,bar5,bar6,bar7
buff_152,my buff of amazeballs,1.3,bar0,bar1,bar2,bar3,bar4,bar5,bar6,bar7
buff_153,my buff of amazeballs,1.3,bar0,bar1,bar2,bar3,bar4,bar5,bar6,bar7
buff_154,my buff of amazeballs,1.3,bar0,bar1,bar2,bar3,bar4,bar5,bar6,bar7
buff_155,my buff of amazeballs,1.3,bar0,bar1,bar2,bar3,bar4,bar5,bar6,bar7
buff_156,my buff of amazeballs,1.3,bar0,bar1,bar2,bar3,bar4,bar5,bar6,bar7
buff_157,my buff of amazeballs,1.3,bar0,bar1,bar2,bar3,bar4,bar5,bar6,bar7
buff_158,my buff of amazeballs,1.3,bar0,bar1,bar2,bar3,bar4,bar5,bar6,bar7
buff_159,my buff of amazeballs,1.3,bar0,bar1,bar2,bar3,bar4,bar5,bar6,bar7
buff_160,my buff of amazeballs,1.3,bar0,bar1,bar2,bar3,bar4,bar5,bar6,bar7
buff_161,my buff of amazeballs,1.3,bar0,bar1,bar2,bar3,bar4,bar5,bar6,bar7
buff_162,my buff of amazeballs,1.3,bar0,bar1,bar2,bar3,bar4,bar5,bar6,bar7
buff_163,my buff of amazeballs,1.3,bar0,bar1,bar2,bar3,bar4,bar5,bar6,bar7
buff_164,my buff of amazeballs,1.3,bar0,bar1,bar2,bar3,bar4,bar5,bar6,bar7
buff_165,my buff of amazeballs,1.3,bar0,bar1,bar2,bar3,bar4,bar5,bar6,bar7
buff_166,my buff of amazeballs,1.3,bar0,bar1,bar2,bar3,bar4,bar5,bar6,bar7
buff_167,my buff of amazeballs,1.3,bar0,bar1,bar2,bar3,bar4,bar5,bar6,bar7
buff_168,my buff of amazeballs,1.3,bar0,bar1,bar2,bar3,bar4,bar5,bar6,bar7
buff_169,my buff of amazeballs,1.3,bar0,bar1,bar2,bar3,bar4,bar5,bar6,bar7
buff_170,my buff of amazeballs,1.3,bar0,bar1,bar2,bar3,bar4,bar5,bar6,bar7
buff_171,my buff of amazeballs,1.3,bar0,bar1,bar2,bar3,bar4,bar5,bar6,bar7
buff_172,my buff of amazeballs,1.3,bar0,bar1,bar2,bar3,bar4,bar5,bar6,bar7
buff_173,my buff of amazeballs,1.3,bar0,bar1,bar2,bar3,bar4,bar5,bar6,bar7
buff_174,my buff of amazeballs,1.3,bar0,bar1,bar2,bar3,bar4,bar5,bar6,bar7
buff_175,my buff of amazeballs,1.3,bar0,bar1,bar2,bar3,bar4,bar5,bar6,bar7
buff_176,my buff of amazeballs,1.3,bar0,bar1,bar2,bar3,bar4,bar5,bar6,bar7
buff_177,my buff of amazeballs,1.3,bar0,bar1,bar2,bar3,bar4,bar5,bar6,bar7
buff_178,my buff of amazeballs,1.3,bar0,bar1,bar2,bar3,bar4,bar5,bar6,bar7
buff_179,my buff of amazeballs,1.3,bar0,bar1,bar2,bar3,bar4,bar5,bar6,bar7
buff_180,my buff of amazeballs,1.3,bar0,bar1,bar2,bar3,bar4,bar5,bar6,bar7
buff_181,my buff of amazeballs,1.3,bar0,bar1,bar2,bar3,bar4,bar5,bar6,bar7
buff_182,my buff of amazeballs,1.3,bar0,bar1,bar2,bar3,bar4,bar5,bar6,bar7
buff_183,my buff of amazeballs,1.3,bar0,bar1,bar2,bar3,bar4,bar5,bar6,bar7
buff_184,my buff of amazeballs,1.3,bar0,bar1,bar2,bar3,bar4,bar5,bar6,bar7
buff_185,my buff of amazeballs,1.3,bar0,bar1,bar2,bar3,bar4,bar5,bar6,bar7
buff_186,my buff of amazeballs,1.3,bar0,bar1,bar2,bar3,bar4,bar5,bar6,bar7
buff_187,my buff of amazeballs,1.3,bar0,bar1,bar2,bar3,bar4,bar5,bar6,bar7
buff_188,my buff of amazeballs,1.3,bar0,bar1,bar2,bar3,bar4,bar5,bar6,bar7
buff_189,my buff of amazeballs,1.3,bar0,bar1,bar2,bar3,bar4,bar5,bar6,bar7
buff_190,my buff of amazeballs,1.3,bar0,bar1,bar2,bar3,bar4,bar5,bar6,bar7
buff_191,my buff of amazeballs,1.3,bar0,bar1,bar2,bar3,bar4,bar5,bar6,bar7
buff_192,my buff of amazeballs,1.3,bar0,bar1,bar2,bar3,bar4,bar5,bar6,bar7
buff_193,my buff of amazeballs,1.3,bar0,bar1,bar2,bar3,bar4,bar5,bar6,bar7
buff_194,my buff of amazeballs,1.3,bar0,bar1,bar2,bar3,bar4,bar5,bar6,bar7
buff_195,my buff of amazeballs,1.3,bar0,bar1,bar2,bar3,bar4,bar5,bar6,bar7
buff_196,my buff of amazeballs,1.3,bar0,bar1,bar2,bar3,bar4,bar5,bar6,bar7
buff_197,my buff of amazeballs,1.3,bar0,bar1,bar2,bar3,bar4,bar5,bar6,bar7
buff_198,my buff of amazeballs,1.3,bar0,bar1,bar2,bar3,bar4,bar5,bar6,bar7
buff_199,my buff of amazeballs,1.3,bar0,bar1,bar2,bar3,bar4,bar5,bar6,bar7
buff_200,my buff of amazeballs,1.3,bar0,bar1,bar2,bar3,bar4,bar5,bar6,bar7
buff_201,my buff of amazeballs,1.3,bar0,bar1,bar2,bar3,bar4,bar5,bar6,bar7
buff_202,my buff of amazeballs,1.3,bar0,bar1,bar2,bar3,bar4,bar5,bar6,bar7
buff_203,my buff of amazeballs,1.3,bar0,bar1,bar2,bar3,bar4,bar5,bar6,bar7
buff_204,my buff of amazeballs,1.3,bar0,bar1,bar2,bar3,bar4,bar5,bar6,bar7
buff_205,my buff of amazeballs,1.3,bar0,bar1,bar2,bar3,bar4,bar5,bar6,bar7
buff_206,my buff of amazeballs,1.3,bar0,bar1,bar2,bar3,bar4,bar5,bar6,bar7
buff_207,my buff of amazeballs,1.3,bar0,bar1,bar2,bar3,bar4,bar5,bar6,bar7
buff_208,my buff of amazeballs,1.3,bar0,bar1,bar2,bar3,bar4,bar5,bar6,bar7
buff_209,my buff of amazeballs,1.3,bar0,bar1,bar2,bar3,bar4,bar5,bar6,bar7
buff_210,my buff of amazeballs,1.3,bar0,bar1,bar2,bar3,bar4,bar5,bar6,bar7
buff_211,my buff of amazeballs,1.3,bar0,bar1,bar2,bar3,bar4,bar5,bar6,bar7
buff_212,my buff of amazeballs,1.3,bar0,bar1,bar2,bar3,bar4,bar5,bar6,bar7
buff_213,my buff of amazeballs,1.3,bar0,bar1,bar2,bar3,bar4,bar5,bar6,bar7
buff_214,my buff of amazeballs,1.3,bar0,bar1,bar2,bar3,bar4,bar5,bar6,bar7
buff_215,my buff of amazeballs,1.3,bar0,bar1,bar2,bar3,bar4,bar5,bar6,bar7
buff_216,my buff of amazeballs,1.3,bar0,bar1,bar2,bar3,bar4,bar5,bar6,bar7
buff_217,my buff of amazeballs,1.3,bar0,bar1,bar2,bar3,bar4,bar5,bar6,bar7
buff_218,my buff of amazeballs,1.3,bar0,bar1,bar2,bar3,bar4,bar5,bar6,bar7
buff_219,my buff of amazeballs,1.3,bar0,bar1,bar2,bar3,bar4,bar5,bar6,bar7
buff_220,my buff of amazeballs,1.3,bar0,bar1,bar2,bar3,bar4,bar5,bar6,bar7
buff_221,my buff of amazeballs,1.3,bar0,bar1,bar2,bar3,bar4,bar5,bar6,bar7
buff_222,my buff of amazeballs,1.3,bar0,bar1,bar2,bar3,bar4,bar5,bar6,bar7
buff_223,my buff of amazeballs,1.3,bar0,bar1,bar2,bar3,bar4,bar5,bar6,bar7
buff_224,my buff of amazeballs,1.3,bar0,bar1,bar2,bar3,bar4,bar5,bar6,bar7
buff_225,my buff of amazeballs,1.3,bar0,bar1,bar2,bar3,bar4,bar5,bar6,bar7
buff_226,my buff of amazeballs,1.3,bar0,bar1,bar2,bar3,bar4,bar5,bar6,bar7
buff_227,my buff of amazeballs,1.3,bar0,bar1,bar2,bar3,bar4,bar5,bar6,bar7
buff_228,my buff of amazeballs,1.3,bar0,bar1,bar2,bar3,bar4,bar5,bar6,bar7
buff_229,my buff of amazeballs,1.3,bar0,bar1,bar2,bar3,bar4,bar5,bar6,bar7
buff_230,my buff of amazeballs,1.3,bar0,bar1,bar2,bar3,bar4,bar5,bar6,bar7
buff_231,my buff of amazeballs,1.3,bar0,bar1,bar2,bar3,bar4,bar5,bar6,bar7
buff_232,my buff of amazeballs,1.3,bar0,bar1,bar2,bar3,bar4,bar5,bar6,bar7
buff_233,my buff of amazeballs,1.3,bar0,bar1,bar2,bar3,bar4,bar5,bar6,bar7
buff_234,my buff of amazeballs,1.3,bar0,bar1,bar2,bar3,bar4,bar5,bar6,bar7
buff_235,my buff of amazeballs,1.3,bar0,bar1,bar2,bar3,bar4,bar5,bar6,bar7
buff_236,my buff of amazeballs,1.3,bar0,bar1,bar2,bar3,bar4,bar5,bar6,bar7
buff_237,my buff of amazeballs,1.3,bar0,bar1,bar2,bar3,bar4,bar5,bar6,bar7
buff_238,my buff of amazeballs,1.3,bar0,bar1,bar2,bar3,bar4,bar5,bar6,bar7
buff_239,my buff of amazeballs,1.3,bar0,bar1,bar2,bar3,bar4,bar5,bar6,bar7
buff_240,my buff of amazeballs,1.3,bar0,bar1,bar2,bar3,bar4,bar5,bar6,bar7
buff_241,my buff of amazeballs,1.3,bar0,bar1,bar2,bar3,bar4,bar5,bar6,bar7
buff_242,my buff of amazeballs,1.3,bar0,bar1,bar2,bar3,bar4,bar5,bar6,bar7
buff_243,my buff of amazeballs,1.3,bar0,bar1,bar2,bar3,bar4,bar5,bar6,bar7
buff_244,my buff of amazeballs,1.3,bar0,bar1,bar2,bar3,bar4,bar5,bar6,bar7
buff_245,my buff of amazeballs,1.3,bar0,bar1,bar2,bar3,bar4,bar5,bar6,bar7
buff_246,my buff of amazeballs,1.3,bar0,bar1,bar2,bar3,bar4,bar5,bar6,bar7
buff_247,my buff of amazeballs,1.3,bar0,bar1,bar2,bar3,bar4,bar5,bar6,bar7
buff_248,my buff of amazeballs,1.3,bar0,bar1,bar2,bar3,bar4,bar5,bar6,bar7
buff_249,my buff of amazeballs,1.3,bar0,bar1,bar2,bar3,bar4,bar5,bar6,bar7
buff_250,my buff of amazeballs,1.3,bar0,bar1,bar2,bar3,bar4,bar5,bar6,bar7
buff_251,my buff of amazeballs,1.3,bar0,bar1,bar2,bar3,bar4,bar5,bar6,bar7
buff_252,my buff of amazeballs,1.3,bar0,bar1,bar2,bar3,bar4,bar5,bar6,bar7
buff_253,my buff of amazeballs,1.3,bar0,bar1,bar2,bar3,bar4,bar5,bar6,bar7
buff_254,my buff of amazeballs,1.3,bar0,bar1,bar2,bar3,bar4,bar5,bar6,bar7
buff_255,my buff of amazeballs,1.3,bar0,bar1,bar2,bar3,bar4,bar5,bar6,bar7
buff_256,my buff of amazeballs,1.3,bar0,bar1,bar2,bar3,bar4,bar5,bar6,bar7
buff_257,my buff of amazeballs,1.3,bar0,bar1,bar2,bar3,bar4,bar5,bar6,bar7
buff_258,my buff of amazeballs,1.3,bar0,bar1,bar2,bar3,bar4,bar5,bar6,bar7
buff_259,my buff of amazeballs,1.3,bar0,bar1,bar2,bar3,bar4,bar5,bar6,bar7
buff_260,my buff of amazeballs,1.3,bar0,bar1,bar2,bar3,bar4,bar5,bar6,bar7
buff_261,my buff of amazeballs,1.3,bar0,bar1,bar2,bar3,bar4,bar5,bar6,bar7
buff_262,my buff of amazeballs,1.3,bar0,bar1,bar2,bar3,bar4,bar5,bar6,bar7
buff_263,my buff of amazeballs,1.3,bar0,bar1,bar2,bar3,bar4,bar5,bar6,bar7
buff_264,my buff of amazeballs,1.3,bar0,bar1,bar2,bar3,bar4,bar5,bar6,bar7
buff_265,my buff of amazeballs,1.3,bar0,bar1,bar2,bar3,bar4,bar5,bar6,bar7
buff_266,my buff of amazeballs,1.3,bar0,bar1,bar2,bar3,bar4,bar5,bar6,bar7
buff_267,my buff of amazeballs,1.3,bar0,bar1,bar2,bar3,bar4,bar5,bar6,bar7
buff_268,my buff of amazeballs,1.3,bar0,bar1,bar2,bar3,bar4,bar5,bar6,bar7
buff_269,my buff of amazeballs,1.3,bar0,bar1,bar2,bar3,bar4,bar5,bar6,bar7
buff_270,my buff of amazeballs,1.3,bar0,bar1,bar2,bar3,bar4,bar5,bar6,bar7
buff_271,my buff of amazeballs,1.3,bar0,bar1,bar2,bar3,bar4,bar5,bar6,bar7
buff_272,my buff of amazeballs,1.3,bar0,bar1,bar2,bar3,bar4,bar5,bar6,bar7
buff_273,my buff of amazeballs,1.3,bar0,bar1,bar2,bar3,bar4,bar5,bar6,bar7
buff_274,my buff of amazeballs,1.3,bar0,bar1,bar2,bar3,bar4,bar5,bar6,bar7
buff_275,my buff of amazeballs,1.3,bar0,bar1,bar2,bar3,bar4,bar5,bar6,bar7
buff_276,my buff of amazeballs,1.3,bar0,bar1,bar2,bar3,bar4,bar5,bar6,bar7
buff_277,my buff of amazeballs,1.3,bar0,bar1,bar2,bar3,bar4,bar5,bar6,bar7
buff_278,my buff of amazeballs,1.3,bar0,bar1,bar2,bar3,bar4,bar5,bar6,bar7
buff_279,my buff of amazeballs,1.3,bar0,bar1,bar2,bar3,bar4,bar5,bar6,bar7
buff_280,my buff of amazeballs,1.3,bar0,bar1,bar2,bar3,bar4,bar5,bar6,bar7
buff_281,my buff of amazeballs,1.3,bar0,bar1,bar2,bar3,bar4,bar5,bar6,bar7
buff_282,my buff of amazeballs,1.3,bar0,bar1,bar2,bar3,bar4,bar5,bar6,bar7
buff_283,my buff of amazeballs,1.3,bar0,bar1,bar2,bar3,bar4,bar5,bar6,bar7
buff_284,my buff of amazeballs,1.3,bar0,bar1,bar2,bar3,bar4,bar5,bar6,bar7
buff_285,my buff of amazeballs,1.3,bar0,bar1,bar2,bar3,bar4,bar5,bar6,bar7
buff_286,my buff of amazeballs,1.3,bar0,bar1,bar2,bar3,bar4,bar5,bar6,bar7
buff_287,my buff of amazeballs,1.3,bar0,bar1,bar2,bar3,bar4,bar5,bar6,bar7
buff_288,my buff of amazeballs,1.3,bar0,bar1,bar2,bar3,bar4,bar5,bar6,bar7
buff_289,my buff of amazeballs,1.3,bar0,bar1,bar2,bar3,bar4,bar5,bar6,bar7
buff_290,my buff of amazeballs,1.3,bar0,bar1,bar2,bar3,bar4,bar5,bar6,bar7
buff_291,my buff of amazeballs,1.3,bar0,bar1,bar2,bar3,bar4,bar5,bar6,bar7
buff_292,my buff of amazeballs,1.3,bar0,bar1,bar2,bar3,bar4,bar5,bar6,bar7
buff_293,my buff of amazeballs,1.3,bar0,bar1,bar2,bar3,bar4,bar5,bar6,bar7
buff_294,my buff of amazeballs,1.3,bar0,bar1,bar2,bar3,bar4,bar5,bar6,bar7
buff_295,my buff of amazeballs,1.3,bar0,bar1,bar2,bar3,bar4,bar5,bar6,bar7
buff_296,my buff of amazeballs,1.3,bar0,bar1,bar2,bar3,bar4,bar5,bar6,bar7
buff_297,my buff of amazeballs,1.3,bar0,bar1,bar2,bar3,bar4,bar5,bar6,bar7
buff_298,my buff of amazeballs,1.3,bar0,bar1,bar2,bar3,bar4,bar5,bar6,bar7
buff_299,my buff of amazeballs,1.3,bar0,bar1,bar2,bar3,bar4,bar5,bar6,bar7
buff_300,my buff of amazeballs,1.3,bar0,bar1,bar2,bar3,bar4,bar5,bar6,bar7
buff_301,my buff of amazeballs,1.3,bar0,bar1,bar2,bar3,bar4,bar5,bar6,bar7
buff_302,my buff of amazeballs,1.3,bar0,bar1,bar2,bar3,bar4,bar5,bar6,bar7
buff_303,my buff of amazeballs,1.3,bar0,bar1,bar2,bar3,bar4,bar5,bar6,bar7
buff_304,my buff of amazeballs,1.3,bar0,bar1,bar2,bar3,bar4,bar5,bar6,bar7
buff_305,my buff of amazeballs,1.3,bar0,bar1,bar2,bar3,bar4,bar5,bar6,bar7
buff_306,my buff of amazeballs,1.3,bar0,bar1,bar2,bar3,bar4,bar5,bar6,bar7
buff_307,my buff of amazeballs,1.3,bar0,bar1,bar2,bar3,bar4,bar5,bar6,bar7
buff_308,my buff of amazeballs,1.3,bar0,bar1,bar2,bar3,bar4,bar5,bar6,bar7
buff_309,my buff of amazeballs,1.3,bar0,bar1,bar2,bar3,bar4,bar5,bar6,bar7
buff_310,my buff of amazeballs,1.3,bar0,bar1,bar2,bar3,bar4,bar5,bar6,bar7
buff_311,my buff of amazeballs,1.3,bar0,bar1,bar2,bar3,bar4,bar5,bar6,bar7
buff_312,my buff of amazeballs,1.3,bar0,bar1,bar2,bar3,bar4,bar5,bar6,bar7
buff_313,my buff of amazeballs,1.3,bar0,bar1,bar2,bar3,bar4,bar5,bar6,bar7
buff_314,my buff of amazeballs,1.3,bar0,bar1,bar2,bar3,bar4,bar5,bar6,bar7
buff_315,my buff of amazeballs,1.3,bar0,bar1,bar2,bar3,bar4,bar5,bar6,bar7
buff_316,my buff of amazeballs,1.3,bar0,bar1,bar2,bar3,bar4,bar5,bar6,bar7
buff_317,my buff of amazeballs,1.3,bar0,bar1,bar2,bar3,bar4,bar5,bar6,bar7
buff_318,my buff of amazeballs,1.3,bar0,bar1,bar2,bar3,bar4,bar5,bar6,bar7
buff_319,my buff of amazeballs,1.3,bar0,bar1,bar2,bar3,bar4,bar5,bar6,bar7
buff_320,my buff of amazeballs,1.3,bar0,bar1,bar2,bar3,bar4,bar5,bar6,bar7
buff_321,my buff of amazeballs,1.3,bar0,bar1,bar2,bar3,bar4,bar5,bar6,bar7
buff_322,my buff of amazeballs,1.3,bar0,bar1,bar2,bar3,bar4,bar5,bar6,bar7
buff_323,my buff of amazeballs,1.3,bar0,bar1,bar2,bar3,bar4,bar5,bar6,bar7
buff_324,my buff of amazeballs,1.3,bar0,bar1,bar2,bar3,bar4,bar5,bar6,bar7
buff_325,my buff of amazeballs,1.3,bar0,bar1,bar2,bar3,bar4,bar5,bar6,bar7
buff_326,my buff of amazeballs,1.3,bar0,bar1,bar2,bar3,bar4,bar5,bar6,bar7
buff_327,my buff of amazeballs,1.3,bar0,bar1,bar2,bar3,bar4,bar5,bar6,bar7
buff_328,my buff of amazeballs,1.3,bar0,bar1,bar2,bar3,bar4,bar5,bar6,bar7
buff_329,my buff of amazeballs,1.3,bar0,bar1,bar2,bar3,bar4,bar5,bar6,bar7
buff_330,my buff of amazeballs,1.3,bar0,bar1,bar2,bar3,bar4,bar5,bar6,bar7
buff_331,my buff of amazeballs,1.3,bar0,bar1,bar2,bar3,bar4,bar5,bar6,bar7
buff_332,my buff of amazeballs,1.3,bar0,bar1,bar2,bar3,bar4,bar5,bar6,bar7
buff_333,my buff of amazeballs,1.3,bar0,bar1,bar2,bar3,bar4,bar5,bar6,bar7
buff_334,my buff of amazeballs,1.3,bar0,bar1,bar2,bar3,bar4,bar5,bar6,bar7
buff_335,my buff of amazeballs,1.3,bar0,bar1,bar2,bar3,bar4,bar5,bar6,bar7
buff_336,my buff of amazeballs,1.3,bar0,bar1,bar2,bar3,bar4,bar5,bar6,bar7
buff_337,my buff of amazeballs,1.3,bar0,bar1,bar2,bar3,bar4,bar5,bar6,bar7
buff_338,my buff of amazeballs,1.3,bar0,bar1,bar2,bar3,bar4,bar5,bar6,bar7
buff_339,my buff of amazeballs,1.3,bar0,bar1,bar2,bar3,bar4,bar5,bar6,bar7
buff_340,my buff of amazeballs,1.3,bar0,bar1,bar2,bar3,bar4,bar5,bar6,bar7
buff_341,my buff of amazeballs,1.3,bar0,bar1,bar2,bar3,bar4,bar5,bar6,bar7
buff_342,my buff of amazeballs,1.3,bar0,bar1,bar2,bar3,bar4,bar5,bar6,bar7
buff_343,my buff of amazeballs,1.3,bar0,bar1,bar2,bar3,bar4,bar5,bar6,bar7
buff_344,my buff of amazeballs,1.3,bar0,bar1,bar2,bar3,bar4,bar5,bar6,bar7
buff_345,my buff of amazeballs,1.3,bar0,bar1,bar2,bar3,bar4,bar5,bar6,bar7
buff_346,my buff of amazeballs,1.3,bar0,bar1,bar2,bar3,bar4,bar5,bar6,bar7
buff_347,my buff of amazeballs,1.3,bar0,bar1,bar2,bar3,bar4,bar5,bar6,bar7
buff_348,my buff of amazeballs,1.3,bar0,bar1,bar2,bar3,bar4,bar5,bar6,bar7
buff_349,my buff of amazeballs,1.3,bar0,bar1,bar2,bar3,bar4,bar5,bar6,bar7
buff_350,my buff of amazeballs,1.3,bar0,bar1,bar2,bar3,bar4,bar5,bar6,bar7
buff_351,my buff of amazeballs,1.3,bar0,bar1,bar2,bar3,bar4,bar5,bar6,bar7
buff_352,my buff of amazeballs,1.3,bar0,bar1,bar2,bar3,bar4,bar5,bar6,bar7
buff_353,my buff of amazeballs,1.3,bar0,bar1,bar2,bar3,bar4,bar5,bar6,bar7
buff_354,my buff of amazeballs,1.3,bar0,bar1,bar2,bar3,bar4,bar5,bar6,bar7
buff_355,my buff of amazeballs,1.3,bar0,bar1,bar2,bar3,bar4,bar5,bar6,bar7
buff_356,my buff of amazeballs,1.3,bar0,bar1,bar2,bar3,bar4,bar5,bar6,bar7
buff_357,my buff of amazeballs,1.3,bar0,bar1,bar2,bar3,bar4,bar5,bar6,bar7
buff_358,my buff of amazeballs,1.3,bar0,bar1,bar2,bar3,bar4,bar5,bar6,bar7
buff_359,my buff of amazeballs,1.3,bar0,bar1,bar2,bar3,bar4,bar5,bar6,bar7
buff_360,my buff of amazeballs,1.3,bar0,bar1,bar2,bar3,bar4,bar5,bar6,bar7
buff_361,my buff of amazeballs,1.3,bar0,bar1,bar2,bar3,bar4,bar5,bar6,bar7
buff_362,my buff of amazeballs,1.3,bar0,bar1,bar2,bar3,bar4,bar5,bar6,bar7
buff_363,my buff of amazeballs,1.3,bar0,bar1,bar2,bar3,bar4,bar5,bar6,bar7
buff_364,my buff of amazeballs,1.3,bar0,bar1,bar2,bar3,bar4,bar5,bar6,bar7
buff_365,my buff of amazeballs,1.3,bar0,bar1,bar2,bar3,bar4,bar5,bar6,bar7
buff_366,my buff of amazeballs,1.3,bar0,bar1,bar2,bar3,bar4,bar5,bar6,bar7
buff_367,my buff of amazeballs,1.3,bar0,bar1,bar2,bar3,bar4,bar5,bar6,bar7
buff_368,my buff of amazeballs,1.3,bar0,bar1,bar2,bar3,bar4,bar5,bar6,bar7
buff_369,my buff of amazeballs,1.3,bar0,bar1,bar2,bar3,bar4,bar5,bar6,bar7
buff_370,my buff of amazeballs,1.3,bar0,bar1,bar2,bar3,bar4,bar5,bar6,bar7
buff_371,my buff of amazeballs,1.3,bar0,bar1,bar2,bar3,bar4,bar5,bar6,bar7
buff_372,my buff of amazeballs,1.3,bar0,bar1,bar2,bar3,bar4,bar5,bar6,bar7
buff_373,my buff of amazeballs,1.3,bar0,bar1,bar2,bar3,bar4,bar5,bar6,bar7
buff_374,my buff of amazeballs,1.3,bar0,bar1,bar2,bar3,bar4,bar5,bar6,bar7
buff_375,my buff of amazeballs,1.3,bar0,bar1,bar2,bar3,bar4,bar5,bar6,bar7
buff_376,my buff of amazeballs,1.3,bar0,bar1,bar2,bar3,bar4,bar5,bar6,bar7
buff_377,my buff of amazeballs,1.3,bar0,bar1,bar2,bar3,bar4,bar5,bar6,bar7
buff_378,my buff of amazeballs,1.3,bar0,bar1,bar2,bar3,bar4,bar5,bar6,bar7
buff_379,my buff of amazeballs,1.3,bar0,bar1,bar2,bar3,bar4,bar5,bar6,bar7
buff_380,my buff of amazeballs,1.3,bar0,bar1,bar2,bar3,bar4,bar5,bar6,bar7
buff_381,my buff of amazeballs,1.3,bar0,bar1,bar2,bar3,bar4,bar5,bar6,bar7
buff_382,my buff of amazeballs,1.3,bar0,bar1,bar2,bar3,bar4,bar5,bar6,bar7
buff_383,my buff of amazeballs,1.3,bar0,bar1,bar2,bar3,bar4,bar5,bar6,bar7
buff_384,my buff of amazeballs,1.3,bar0,bar1,bar2,bar3,bar4,bar5,bar6,bar7
buff_385,my buff of amazeballs,1.3,bar0,bar1,bar2,bar3,bar4,bar5,bar6,bar7
buff_386,my buff of amazeballs,1.3,bar0,bar1,bar2,bar3,bar4,bar5,bar6,bar7
buff_387,my buff of amazeballs,1.3,bar0,bar1,bar2,bar3,bar4,bar5,bar6,bar7
buff_388,my buff of amazeballs,1.3,bar0,bar1,bar2,bar3,bar4,bar5,bar6,bar7
buff_389,my buff of amazeballs,1.3,bar0,bar1,bar2,bar3,bar4,bar5,bar6,bar7
buff_390,my buff of amazeballs,1.3,bar0,bar1,bar2,bar3,bar4,bar5,bar6,bar7
buff_391,my buff of amazeballs,1.3,bar0,bar1,bar2,bar3,bar4,bar5,bar6,bar7
buff_392,my buff of amazeballs,1.3,bar0,bar1,bar2,bar3,bar4,bar5,bar6,bar7
buff_393,my buff of amazeballs,1.3,bar0,bar1,bar2,bar3,bar4,bar5,bar6,bar7
buff_394,my buff of amazeballs,1.3,bar0,bar1,bar2,bar3,bar4,bar5,bar6,bar7
buff_395,my buff of amazeballs,1.3,bar0,bar1,bar2,bar3,bar4,bar5,bar6,bar7
buff_396,my buff of amazeballs,1.3,bar0,bar1,bar2,bar3,bar4,bar5,bar6,bar7
buff_397,my buff of amazeballs,1.3,bar0,bar1,bar2,bar3,bar4,bar5,bar6,bar7
buff_398,my buff of amazeballs,1.3,bar0,bar1,bar2,bar3,bar4,bar5,bar6,bar7
buff_399,my buff of amazeballs,1.3,bar0,bar1,bar2,bar3,bar4,bar5,bar6,bar7
buff_400,my buff of amazeballs,1.3,bar0,bar1,bar2,bar3,bar4,bar5,bar6,bar7
buff_401,my buff of amazeballs,1.3,bar0,bar1,bar2,bar3,bar4,bar5,bar6,bar7
buff_402,my buff of amazeballs,1.3,bar0,bar1,bar2,bar3,bar4,bar5,bar6,bar7
buff_403,my buff of amazeballs,1.3,bar0,bar1,bar2,bar3,bar4,bar5,bar6,bar7
buff_404,my buff of amazeballs,1.3,bar0,bar1,bar2,bar3,bar4,bar5,bar6,bar7
buff_405,my buff of amazeballs,1.3,bar0,bar1,bar2,bar3,bar4,bar5,bar6,bar7
buff_406,my buff of amazeballs,1.3,bar0,bar1,bar2,bar3,bar4,bar5,bar6,bar7
buff_407,my buff of amazeballs,1.3,bar0,bar1,bar2,bar3,bar4,bar5,bar6,bar7
buff_408,my buff of amazeballs,1.3,bar0,bar1,bar2,bar3,bar4,bar5,bar6,bar7
buff_409,my buff of amazeballs,1.3,bar0,bar1,bar2,bar3,bar4,bar5,bar6,bar7
buff_410,my buff of amazeballs,1.3,bar0,bar1,bar2,bar3,bar4,bar5,bar6,bar7
buff_411,my buff of amazeballs,1.3,bar0,bar1,bar2,bar3,bar4,bar5,bar6,bar7
buff_412,my buff of amazeballs,1.3,bar0,bar1,bar2,bar3,bar4,bar5,bar6,bar7
buff_413,my buff of amazeballs,1.3,bar0,bar1,bar2,bar3,bar4,bar5,bar6,bar7
buff_414,my buff of amazeballs,1.3,bar0,bar1,bar2,bar3,bar4,bar5,bar6,bar7
buff_415,my buff of amazeballs,1.3,bar0,bar1,bar2,bar3,bar4,bar5,bar6,bar7
buff_416,my buff of amazeballs,1.3,bar0,bar1,bar2,bar3,bar4,bar5,bar6,bar7
buff_417,my buff of amazeballs,1.3,bar0,bar1,bar2,bar3,bar4,bar5,bar6,bar7
buff_418,my buff of amazeballs,1.3,bar0,bar1,bar2,bar3,bar4,bar5,bar6,bar7
buff_419,my buff of amazeballs,1.3,bar0,bar1,bar2,bar3,bar4,bar5,bar6,bar7
buff_420,my buff of amazeballs,1.3,bar0,bar1,bar2,bar3,bar4,bar5,bar6,bar7
buff_421,my buff of amazeballs,1.3,bar0,bar1,bar2,bar3,bar4,bar5,bar6,bar7
buff_422,my buff of amazeballs,1.3,bar0,bar1,bar2,bar3,bar4,bar5,bar6,bar7
buff_423,my buff of amazeballs,1.3,bar0,bar1,bar2,bar3,bar4,bar5,bar6,bar7
buff_424,my buff of amazeballs,1.3,bar0,bar1,bar2,bar3,bar4,bar5,bar6,bar7
buff_425,my buff of amazeballs,1.3,bar0,bar1,bar2,bar3,bar4,bar5,bar6,bar7
buff_426,my buff of amazeballs,1.3,bar0,bar1,bar2,bar3,bar4,bar5,bar6,bar7
buff_427,my buff of amazeballs,1.3,bar0,bar1,bar2,bar3,bar4,bar5,bar6,bar7
buff_428,my buff of amazeballs,1.3,bar0,bar1,bar2,bar3,bar4,bar5,bar6,bar7
buff_429,my buff of amazeballs,1.3,bar0,bar1,bar2,bar3,bar4,bar5,bar6,bar7
buff_430,my buff of amazeballs,1.3,bar0,bar1,bar2,bar3,bar4,bar5,bar6,bar7
buff_431,my buff of amazeballs,1.3,bar0,bar1,bar2,bar3,bar4,bar5,bar6,bar7
buff_432,my buff of amazeballs,1.3,bar0,bar1,bar2,bar3,bar4,bar5,bar6,bar7
buff_433,my buff of amazeballs,1.3,bar0,bar1,bar2,bar3,bar4,bar5,bar6,bar7
buff_434,my buff of amazeballs,1.3,bar0,bar1,bar2,bar3,bar4,bar5,bar6,bar7
buff_435,my buff of amazeballs,1.3,bar0,bar1,bar2,bar3,bar4,bar5,bar6,bar7
buff_436,my buff of amazeballs,1.3,bar0,bar1,bar2,bar3,bar4,bar5,bar6,bar7
buff_437,my buff of amazeballs,1.3,bar0,bar1,bar2,bar3,bar4,bar5,bar6,bar7
buff_438,my buff of amazeballs,1.3,bar0,bar1,bar2,bar3,bar4,bar5,bar6,bar7
buff_439,my buff of amazeballs,1.3,bar0,bar1,bar2,bar3,bar4,bar5,bar6,bar7
buff_440,my buff of amazeballs,1.3,bar0,bar1,bar2,bar3,bar4,bar5,bar6,bar7
buff_441,my buff of amazeballs,1.3,bar0,bar1,bar2,bar3,bar4,bar5,bar6,bar7
buff_442,my buff of amazeballs,1.3,bar0,bar1,bar2,bar3,bar4,bar5,bar6,bar7
buff_443,my buff of amazeballs,1.3,bar0,bar1,bar2,bar3,bar4,bar5,bar6,bar7
buff_444,my buff of amazeballs,1.3,bar0,bar1,bar2,bar3,bar4,bar5,bar6,bar7
buff_445,my buff of amazeballs,1.3,bar0,bar1,bar2,bar3,bar4,bar5,bar6,bar7
buff_446,my buff of amazeballs,1.3,bar0,bar1,bar2,bar3,bar4,bar5,bar6,bar7
buff_447,my buff of amazeballs,1.3,bar0,bar1,bar2,bar3,bar4,bar5,bar6,bar7
buff_448,my buff of amazeballs,1.3,bar0,bar1,bar2,bar3,bar4,bar5,bar6,bar7
buff_449,my buff of amazeballs,1.3,bar0,bar1,bar2,bar3,bar4,bar5,bar6,bar7
buff_450,my buff of amazeballs,1.3,bar0,bar1,bar2,bar3,bar4,bar5,bar6,bar7
buff_451,my buff of amazeballs,1.3,bar0,bar1,bar2,bar3,bar4,bar5,bar6,bar7
buff_452,my buff of amazeballs,1.3,bar0,bar1,bar2,bar3,bar4,bar5,bar6,bar7
buff_453,my buff of amazeballs,1.3,bar0,bar1,bar2,bar3,bar4,bar5,bar6,bar7
buff_454,my buff of amazeballs,1.3,bar0,bar1,bar2,bar3,bar4,bar5,bar6,bar7
buff_455,my buff of amazeballs,1.3,bar0,bar1,bar2,bar3,bar4,bar5,bar6,bar7
buff_456,my buff of amazeballs,1.3,bar0,bar1,bar2,bar3,bar4,bar5,bar6,bar7
buff_457,my buff of amazeballs,1.3,bar0,bar1,bar2,bar3,bar4,bar5,bar6,bar7
buff_458,my buff of amazeballs,1.3,bar0,bar1,bar2,bar3,bar4,bar5,bar6,bar7
buff_459,my buff of amazeballs,1.3,bar0,bar1,bar2,bar3,bar4,bar5,bar6,bar7
buff_460,my buff of amazeballs,1.3,bar0,bar1,bar2,bar3,bar4,bar5,bar6,bar7
buff_461,my buff of amazeballs,1.3,bar0,bar1,bar2,bar3,bar4,bar5,bar6,bar7
buff_462,my buff of amazeballs,1.3,bar0,bar1,bar2,bar3,bar4,bar5,bar6,bar7
buff_463,my buff of amazeballs,1.3,bar0,bar1,bar2,bar3,bar4,bar5,bar6,bar7
buff_464,my buff of amazeballs,1.3,bar0,bar1,bar2,bar3,bar4,bar5,bar6,bar7
buff_465,my buff of amazeballs,1.3,bar0,bar1,bar2,bar3,bar4,bar5,bar6,bar7
buff_466,my buff of amazeballs,1.3,bar0,bar1,bar2,bar3,bar4,bar5,bar6,bar7
buff_467,my buff of amazeballs,1.3,bar0,bar1,bar2,bar3,bar4,bar5,bar6,bar7
buff_468,my buff of amazeballs,1.3,bar0,bar1,bar2,bar3,bar4,bar5,bar6,bar7
buff_469,my buff of amazeballs,1.3,bar0,bar1,bar2,bar3,bar4,bar5,bar6,bar7
buff_470,my buff of amazeballs,1.3,bar0,bar1,bar2,bar3,bar4,bar5,bar6,bar7
buff_471,my buff of amazeballs,1.3,bar0,bar1,bar2,bar3,bar4,bar5,bar6,bar7
buff_472,my buff of amazeballs,1.3,bar0,bar1,bar2,bar3,bar4,bar5,bar6,bar7
buff_473,my buff of amazeballs,1.3,bar0,bar1,bar2,bar3,bar4,bar5,bar6,bar7
buff_474,my buff of amazeballs,1.3,bar0,bar1,bar2,bar3,bar4,bar5,bar6,bar7
buff_475,my buff of amazeballs,1.3,bar0,bar1,bar2,bar3,bar4,bar5,bar6,bar7
buff_476,my buff of amazeballs,1.3,bar0,bar1,bar2,bar3,bar4,bar5,bar6,bar7
buff_477,my buff of amazeballs,1.3,bar0,bar1,bar2,bar3,bar4,bar5,bar6,bar7
buff_478,my buff of amazeballs,1.3,bar0,bar1,bar2,bar3,bar4,bar5,bar6,bar7
buff_479,my buff of amazeballs,1.3,bar0,bar1,bar2,bar3,bar4,bar5,bar6,bar7
buff_480,my buff of amazeballs,1.3,bar0,bar1,bar2,bar3,bar4,bar5,bar6,bar7
buff_481,my buff of amazeballs,1.3,bar0,bar1,bar2,bar3,bar4,bar5,bar6,bar7
buff_482,my buff of amazeballs,1.3,bar0,bar1,bar2,bar3,bar4,bar5,bar6,bar7
buff_483,my buff of amazeballs,1.3,bar0,bar1,bar2,bar3,bar4,bar5,bar6,bar7
buff_484,my buff of amazeballs,1.3,bar0,bar1,bar2,bar3,bar4,bar5,bar6,bar7
buff_485,my buff of amazeballs,1.3,bar0,bar1,bar2,bar3,bar4,bar5,bar6,bar7
buff_486,my buff of amazeballs,1.3,bar0,bar1,bar2,bar3,bar4,bar5,bar6,bar7
buff_487,my buff of amazeballs,1.3,bar0,bar1,bar2,bar3,bar4,bar5,bar6,bar7
buff_488,my buff of amazeballs,1.3,bar0,bar1,bar2,bar3,bar4,bar5,bar6,bar7
buff_489,my buff of amazeballs,1.3,bar0,bar1,bar2,bar3,bar4,bar5,bar6,bar7
buff_490,my buff of amazeballs,1.3,bar0,bar1,bar2,bar3,bar4,bar5,bar6,bar7
buff_491,my buff of amazeballs,1.3,bar0,bar1,bar2,bar3,bar4,bar5,bar6,bar7
buff_492,my buff of amazeballs,1.3,bar0,bar1,bar2,bar3,bar4,bar5,bar6,bar7
buff_493,my buff of amazeballs,1.3,bar0,bar1,bar2,bar3,bar4,bar5,bar6,bar7
buff_494,my buff of amazeballs,1.3,bar0,bar1,bar2,bar3,bar4,bar5,bar6,bar7
buff_495,my buff of amazeballs,1.3,bar0,bar1,bar2,bar3,bar4,bar5,bar6,bar7
buff_496,my buff of amazeballs,1.3,bar0,bar1,bar2,bar3,bar4,bar5,bar6,bar7
buff_497,my buff of amazeballs,1.3,bar0,bar1,bar2,bar3,bar4,bar5,bar6,bar7
buff_498,my buff of amazeballs,1.3,bar0,bar1,bar2,bar3,bar4,bar5,bar6,bar7
buff_499,my buff of amazeballs,1.3,bar0,bar1,bar2,bar3,bar4,bar5,bar6,bar7
buff_500,my buff of amazeballs,1.3,bar0,bar1,bar2,bar3,bar4,bar5,bar6,bar7
buff_501,my buff of amazeballs,1.3,bar0,bar1,bar2,bar3,bar4,bar5,bar6,bar7
buff_502,my buff of amazeballs,1.3,bar0,bar1,bar2,bar3,bar4,bar5,bar6,bar7
buff_503,my buff of amazeballs,1.3,bar0,bar1,bar2,bar3,bar4,bar5,bar6,bar7
buff_504,my buff of amazeballs,1.3,bar0,bar1,bar2,bar3,bar4,bar5,bar6,bar7
buff_505,my buff of amazeballs,1.3,bar0,bar1,bar2,bar3,bar4,bar5,bar6,bar7
buff_506,my buff of amazeballs,1.3,bar0,bar1,bar2,bar3,bar4,bar5,bar6,bar7
buff_507,my buff of amazeballs,1.3,bar0,bar1,bar2,bar3,bar4,bar5,bar6,bar7
buff_508,my buff of amazeballs,1.3,bar0,bar1,bar2,bar3,bar4,bar5,bar6,bar7
buff_509,my buff of amazeballs,1.3,bar0,bar1,bar2,bar3,bar4,bar5,bar6,bar7
buff_510,my buff of amazeballs,1.3,bar0,bar1,bar2,bar3,bar4,bar5,bar6,bar7
buff_511,my buff of amazeballs,1.3,bar0,bar1,bar2,bar3,bar4,bar5,bar6,bar7
buff_512,my buff of amazeballs,1.3,bar0,bar1,bar2,bar3,bar4,bar5,bar6,bar7
buff_513,my buff of amazeballs,1.3,bar0,bar1,bar2,bar3,bar4,bar5,bar6,bar7
buff_514,my buff of amazeballs,1.3,bar0,bar1,bar2,bar3,bar4,bar5,bar6,bar7
buff_515,my buff of amazeballs,1.3,bar0,bar1,bar2,bar3,bar4,bar5,bar6,bar7
buff_516,my buff of amazeballs,1.3,bar0,bar1,bar2,bar3,bar4,bar5,bar6,bar7
buff_517,my buff of amazeballs,1.3,bar0,bar1,bar2,bar3,bar4,bar5,bar6,bar7
buff_518,my buff of amazeballs,1.3,bar0,bar1,bar2,bar3,bar4,bar5,bar6,bar7
buff_519,my buff of amazeballs,1.3,bar0,bar1,bar2,bar3,bar4,bar5,bar6,bar7
buff_520,my buff of amazeballs,1.3,bar0,bar1,bar2,bar3,bar4,bar5,bar6,bar7
buff_521,my buff of amazeballs,1.3,bar0,bar1,bar2,bar3,bar4,bar5,bar6,bar7
buff_522,my buff of amazeballs,1.3,bar0,bar1,bar2,bar3,bar4,bar5,bar6,bar7
buff_523,my buff of amazeballs,1.3,bar0,bar1,bar2,bar3,bar4,bar5,bar6,bar7
buff_524,my buff of amazeballs,1.3,bar0,bar1,bar2,bar3,bar4,bar5,bar6,bar7
buff_525,my buff of amazeballs,1.3,bar0,bar1,bar2,bar3,bar4,bar5,bar6,bar7
buff_526,my buff of amazeballs,1.3,bar0,bar1,bar2,bar3,bar4,bar5,bar6,bar7
buff_527,my buff of amazeballs,1.3,bar0,bar1,bar2,bar3,bar4,bar5,bar6,bar7
buff_528,my buff of amazeballs,1.3,bar0,bar1,bar2,bar3,bar4,bar5,bar6,bar7
buff_529,my buff of amazeballs,1.3,bar0,bar1,bar2,bar3,bar4,bar5,bar6,bar7
buff_530,my buff of amazeballs,1.3,bar0,bar1,bar2,bar3,bar4,bar5,bar6,bar7
buff_531,my buff of amazeballs,1.3,bar0,bar1,bar2,bar3,bar4,bar5,bar6,bar7
buff_532,my buff of amazeballs,1.3,bar0,bar1,bar2,bar3,bar4,bar5,bar6,bar7
buff_533,my buff of amazeballs,1.3,bar0,bar1,bar2,bar3,bar4,bar5,bar6,bar7
buff_534,my buff of amazeballs,1.3,bar0,bar1,bar2,bar3,bar4,bar5,bar6,bar7
buff_535,my buff of amazeballs,1.3,bar0,bar1,bar2,bar3,bar4,bar5,bar6,bar7
buff_536,my buff of amazeballs,1.3,bar0,bar1,bar2,bar3,bar4,bar5,bar6,bar7
buff_537,my buff of amazeballs,1.3,bar0,bar1,bar2,bar3,bar4,bar5,bar6,bar7
buff_538,my buff of amazeballs,1.3,bar0,bar1,bar2,bar3,bar4,bar5,bar6,bar7
buff_539,my buff of amazeballs,1.3,bar0,bar1,bar2,bar3,bar4,bar5,bar6,bar7
buff_540,my buff of amazeballs,1.3,bar0,bar1,bar2,bar3,bar4,bar5,bar6,bar7
buff_541,my buff of amazeballs,1.3,bar0,bar1,bar2,bar3,bar4,bar5,bar6,bar7
buff_542,my buff of amazeballs,1.3,bar0,bar1,bar2,bar3,bar4,bar5,bar6,bar7
buff_543,my buff of amazeballs,1.3,bar0,bar1,bar2,bar3,bar4,bar5,bar6,bar7
buff_544,my buff of amazeballs,1.3,bar0,bar1,bar2,bar3,bar4,bar5,bar6,bar7
buff_545,my buff of amazeballs,1.3,bar0,bar1,bar2,bar3,bar4,bar5,bar6,bar7
buff_546,my buff of amazeballs,1.3,bar0,bar1,bar2,bar3,bar4,bar5,bar6,bar7
buff_547,my buff of amazeballs,1.3,bar0,bar1,bar2,bar3,bar4,bar5,bar6,bar7
buff_548,my buff of amazeballs,1.3,bar0,bar1,bar2,bar3,bar4,bar5,bar6,bar7
buff_549,my buff of amazeballs,1.3,bar0,bar1,bar2,bar3,bar4,bar5,bar6,bar7
buff_550,my buff of amazeballs,1.3,bar0,bar1,bar2,bar3,bar4,bar5,bar6,bar7
buff_551,my buff of amazeballs,1.3,bar0,bar1,bar2,bar3,bar4,bar5,bar6,bar7
buff_552,my buff of amazeballs,1.3,bar0,bar1,bar2,bar3,bar4,bar5,bar6,bar7
buff_553,my buff of amazeballs,1.3,bar0,bar1,bar2,bar3,bar4,bar5,bar6,bar7
buff_554,my buff of amazeballs,1.3,bar0,bar1,bar2,bar3,bar4,bar5,bar6,bar7
buff_555,my buff of amazeballs,1.3,bar0,bar1,bar2,bar3,bar4,bar5,bar6,bar7
buff_556,my buff of amazeballs,1.3,bar0,bar1,bar2,bar3,bar4,bar5,bar6,bar7
buff_557,my buff of amazeballs,1.3,bar0,bar1,bar2,bar3,bar4,bar5,bar6,bar7
buff_558,my buff of amazeballs,1.3,bar0,bar1,bar2,bar3,bar4,bar5,bar6,bar7
buff_559,my buff of amazeballs,1.3,bar0,bar1,bar2,bar3,bar4,bar5,bar6,bar7
buff_560,my buff of amazeballs,1.3,bar0,bar1,bar2,bar3,bar4,bar5,bar6,bar7
buff_561,my buff of amazeballs,1.3,bar0,bar1,bar2,bar3,bar4,bar5,bar6,bar7
buff_562,my buff of amazeballs,1.3,bar0,bar1,bar2,bar3,bar4,bar5,bar6,bar7
buff_563,my buff of amazeballs,1.3,bar0,bar1,bar2,bar3,bar4,bar5,bar6,bar7
buff_564,my buff of amazeballs,1.3,bar0,bar1,bar2,bar3,bar4,bar5,bar6,bar7
buff_565,my buff of amazeballs,1.3,bar0,bar1,bar2,bar3,bar4,bar5,bar6,bar7
buff_566,my buff of amazeballs,1.3,bar0,bar1,bar2,bar3,bar4,bar5,bar6,bar7
buff_567,my buff of amazeballs,1.3,bar0,bar1,bar2,bar3,bar4,bar5,bar6,bar7
buff_568,my buff of amazeballs,1.3,bar0,bar1,bar2,bar3,bar4,bar5,bar6,bar7
buff_569,my buff of amazeballs,1.3,bar0,bar1,bar2,bar3,bar4,bar5,bar6,bar7
buff_570,my buff of amazeballs,1.3,bar0,bar1,bar2,bar3,bar4,bar5,bar6,bar7
buff_571,my buff of amazeballs,1.3,bar0,bar1,bar2,bar3,bar4,bar5,bar6,bar7
buff_572,my buff of amazeballs,1.3,bar0,bar1,bar2,bar3,bar4,bar5,bar6,bar7
buff_573,my buff of amazeballs,1.3,bar0,bar1,bar2,bar3,bar4,bar5,bar6,bar7
buff_574,my buff of amazeballs,1.3,bar0,bar1,bar2,bar3,bar4,bar5,bar6,bar7
buff_575,my buff of amazeballs,1.3,bar0,bar1,bar2,bar3,bar4,bar5,bar6,bar7
buff_576,my buff of amazeballs,1.3,bar0,bar1,bar2,bar3,bar4,bar5,bar6,bar7
buff_577,my buff of amazeballs,1.3,bar0,bar1,bar2,bar3,bar4,bar5,bar6,bar7
buff_578,my buff of amazeballs,1.3,bar0,bar1,bar2,bar3,bar4,bar5,bar6,bar7
buff_579,my buff of amazeballs,1.3,bar0,bar1,bar2,bar3,bar4,bar5,bar6,bar7
buff_580,my buff of amazeballs,1.3,bar0,bar1,bar2,bar3,bar4,bar5,bar6,bar7
buff_581,my buff of amazeballs,1.3,bar0,bar1,bar2,bar3,bar4,bar5,bar6,bar7
buff_582,my buff of amazeballs,1.3,bar0,bar1,bar2,bar3,bar4,bar5,bar6,bar7
buff_583,my buff of amazeballs,1.3,bar0,bar1,bar2,bar3,bar4,bar5,bar6,bar7
buff_584,my buff of amazeballs,1.3,bar0,bar1,bar2,bar3,bar4,bar5,bar6,bar7
buff_585,my buff of amazeballs,1.3,bar0,bar1,bar2,bar3,bar4,bar5,bar6,bar7
buff_586,my buff of amazeballs,1.3,bar0,bar1,bar2,bar3,bar4,bar5,bar6,bar7
buff_587,my buff of amazeballs,1.3,bar0,bar1,bar2,bar3,bar4,bar5,bar6,bar7
buff_588,my buff of amazeballs,1.3,bar0,bar1,bar2,bar3,bar4,bar5,bar6,bar7
buff_589,my buff of amazeballs,1.3,bar0,bar1,bar2,bar3,bar4,bar5,bar6,bar7
buff_590,my buff of amazeballs,1.3,bar0,bar1,bar2,bar3,bar4,bar5,bar6,bar7
buff_591,my buff of amazeballs,1.3,bar0,bar1,bar2,bar3,bar4,bar5,bar6,bar7
buff_592,my buff of amazeballs,1.3,bar0,bar1,bar2,bar3,bar4,bar5,bar6,bar7
buff_593,my buff of amazeballs,1.3,bar0,bar1,bar2,bar3,bar4,bar5,bar6,bar7
buff_594,my buff of amazeballs,1.3,bar0,bar1,bar2,bar3,bar4,bar5,bar6,bar7
buff_595,my buff of amazeballs,1.3,bar0,bar1,bar2,bar3,bar4,bar5,bar6,bar7
buff_596,my buff of amazeballs,1.3,bar0,bar1,bar2,bar3,bar4,bar5,bar6,bar7
buff_597,my buff of amazeballs,1.3,bar0,bar1,bar2,bar3,bar4,bar5,bar6,bar7
buff_598,my buff of amazeballs,1.3,bar0,bar1,bar2,bar3,bar4,bar5,bar6,bar7
buff_599,my buff of amazeballs,1.3,bar0,bar1,bar2,bar3,bar4,bar5,bar6,bar7
buff_600,my buff of amazeballs,1.3,bar0,bar1,bar2,bar3,bar4,bar5,bar6,bar7
buff_601,my buff of amazeballs,1.3,bar0,bar1,bar2,bar3,bar4,bar5,bar6,bar7
buff_602,my buff of amazeballs,1.3,bar0,bar1,bar2,bar3,bar4,bar5,bar6,bar7
buff_603,my buff of amazeballs,1.3,bar0,bar1,bar2,bar3,bar4,bar5,bar6,bar7
buff_604,my buff of amazeballs,1.3,bar0,bar1,bar2,bar3,bar4,bar5,bar6,bar7
buff_605,my buff of amazeballs,1.3,bar0,bar1,bar2,bar3,bar4,bar5,bar6,bar7
buff_606,my buff of amazeballs,1.3,bar0,bar1,bar2,bar3,bar4,bar5,bar6,bar7
buff_607,my buff of amazeballs,1.3,bar0,bar1,bar2,bar3,bar4,bar5,bar6,bar7
buff_608,my buff of amazeballs,1.3,bar0,bar1,bar2,bar3,bar4,bar5,bar6,bar7
buff_609,my buff of amazeballs,1.3,bar0,bar1,bar2,bar3,bar4,bar5,bar6,bar7
buff_610,my buff of amazeballs,1.3,bar0,bar1,bar2,bar3,bar4,bar5,bar6,bar7
buff_611,my buff of amazeballs,1.3,bar0,bar1,bar2,bar3,bar4,bar5,bar6,bar7
buff_612,my buff of amazeballs,1.3,bar0,bar1,bar2,bar3,bar4,bar5,bar6,bar7
buff_613,my buff of amazeballs,1.3,bar0,bar1,bar2,bar3,bar4,bar5,bar6,bar7
buff_614,my buff of amazeballs,1.3,bar0,bar1,bar2,bar3,bar4,bar5,bar6,bar7
buff_615,my buff of amazeballs,1.3,bar0,bar1,bar2,bar3,bar4,bar5,bar6,bar7
buff_616,my buff of amazeballs,1.3,bar0,bar1,bar2,bar3,bar4,bar5,bar6,bar7
buff_617,my buff of amazeballs,1.3,bar0,bar1,bar2,bar3,bar4,bar5,bar6,bar7
buff_618,my buff of amazeballs,1.3,bar0,bar1,bar2,bar3,bar4,bar5,bar6,bar7
buff_619,my buff of amazeballs,1.3,bar0,bar1,bar2,bar3,bar4,bar5,bar6,bar7
buff_620,my buff of amazeballs,1.3,bar0,bar1,bar2,bar3,bar4,bar5,bar6,bar7
buff_621,my buff of amazeballs,1.3,bar0,bar1,bar2,bar3,bar4,bar5,bar6,bar7
buff_622,my buff of amazeballs,1.3,bar0,bar1,bar2,bar3,bar4,bar5,bar6,bar7
buff_623,my buff of amazeballs,1.3,bar0,bar1,bar2,bar3,bar4,bar5,bar6,bar7
buff_624,my buff of amazeballs,1.3,bar0,bar1,bar2,bar3,bar4,bar5,bar6,bar7
buff_625,my buff of amazeballs,1.3,bar0,bar1,bar2,bar3,bar4,bar5,bar6,bar7
buff_626,my buff of amazeballs,1.3,bar0,bar1,bar2,bar3,bar4,bar5,bar6,bar7
buff_627,my buff of amazeballs,1.3,bar0,bar1,bar2,bar3,bar4,bar5,bar6,bar7
buff_628,my buff of amazeballs,1.3,bar0,bar1,bar2,bar3,bar4,bar5,bar6,bar7
buff_629,my buff of amazeballs,1.3,bar0,bar1,bar2,bar3,bar4,bar5,bar6,bar7
buff_630,my buff of amazeballs,1.3,bar0,bar1,bar2,bar3,bar4,bar5,bar6,bar7
buff_631,my buff of amazeballs,1.3,bar0,bar1,bar2,bar3,bar4,bar5,bar6,bar7
buff_632,my buff of amazeballs,1.3,bar0,bar1,bar2,bar3,bar4,bar5,bar6,bar7
buff_633,my buff of amazeballs,1.3,bar0,bar1,bar2,bar3,bar4,bar5,bar6,bar7
buff_634,my buff of amazeballs,1.3,bar0,bar1,bar2,bar3,bar4,bar5,bar6,bar7
buff_635,my buff of amazeballs,1.3,bar0,bar1,bar2,bar3,bar4,bar5,bar6,bar7
buff_636,my buff of amazeballs,1.3,bar0,bar1,bar2,bar3,bar4,bar5,bar6,bar7
buff_637,my buff of amazeballs,1.3,bar0,bar1,bar2,bar3,bar4,bar5,bar6,bar7
buff_638,my buff of amazeballs,1.3,bar0,bar1,bar2,bar3,bar4,bar5,bar6,bar7
buff_639,my buff of amazeballs,1.3,bar0,bar1,bar2,bar3,bar4,bar5,bar6,bar7
buff_640,my buff of amazeballs,1.3,bar0,bar1,bar2,bar3,bar4,bar5,bar6,bar7
buff_641,my buff of amazeballs,1.3,bar0,bar1,bar2,bar3,bar4,bar5,bar6,bar7
buff_642,my buff of amazeballs,1.3,bar0,bar1,bar2,bar3,bar4,bar5,bar6,bar7
buff_643,my buff of amazeballs,1.3,bar0,bar1,bar2,bar3,bar4,bar5,bar6,bar7
buff_644,my buff of amazeballs,1.3,bar0,bar1,bar2,bar3,bar4,bar5,bar6,bar7
buff_645,my buff of amazeballs,1.3,bar0,bar1,bar2,bar3,bar4,bar5,bar6,bar7
buff_646,my buff of amazeballs,1.3,bar0,bar1,bar2,bar3,bar4,bar5,bar6,bar7
buff_647,my buff of amazeballs,1.3,bar0,bar1,bar2,bar3,bar4,bar5,bar6,bar7
buff_648,my buff of amazeballs,1.3,bar0,bar1,bar2,bar3,bar4,bar5,bar6,bar7
buff_649,my buff of amazeballs,1.3,bar0,bar1,bar2,bar3,bar4,bar5,bar6,bar7
buff_650,my buff of amazeballs,1.3,bar0,bar1,bar2,bar3,bar4,bar5,bar6,bar7
buff_651,my buff of amazeballs,1.3,bar0,bar1,bar2,bar3,bar4,bar5,bar6,bar7
buff_652,my buff of amazeballs,1.3,bar0,bar1,bar2,bar3,bar4,bar5,bar6,bar7
buff_653,my buff of amazeballs,1.3,bar0,bar1,bar2,bar3,bar4,bar5,bar6,bar7
buff_654,my buff of amazeballs,1.3,bar0,bar1,bar2,bar3,bar4,bar5,bar6,bar7
buff_655,my buff of amazeballs,1.3,bar0,bar1,bar2,bar3,bar4,bar5,bar6,bar7
buff_656,my buff of amazeballs,1.3,bar0,bar1,bar2,bar3,bar4,bar5,bar6,bar7
buff_657,my buff of amazeballs,1.3,bar0,bar1,bar2,bar3,bar4,bar5,bar6,bar7
buff_658,my buff of amazeballs,1.3,bar0,bar1,bar2,bar3,bar4,bar5,bar6,bar7
buff_659,my buff of amazeballs,1.3,bar0,bar1,bar2,bar3,bar4,bar5,bar6,bar7
buff_660,my buff of amazeballs,1.3,bar0,bar1,bar2,bar3,bar4,bar5,bar6,bar7
buff_661,my buff of amazeballs,1.3,bar0,bar1,bar2,bar3,bar4,bar5,bar6,bar7
buff_662,my buff of amazeballs,1.3,bar0,bar1,bar2,bar3,bar4,bar5,bar6,bar7
buff_663,my buff of amazeballs,1.3,bar0,bar1,bar2,bar3,bar4,bar5,bar6,bar7
buff_664,my buff of amazeballs,1.3,bar0,bar1,bar2,bar3,bar4,bar5,bar6,bar7
buff_665,my buff of amazeballs,1.3,bar0,bar1,bar2,bar3,bar4,bar5,bar6,bar7
buff_666,my buff of amazeballs,1.3,bar0,bar1,bar2,bar3,bar4,bar5,bar6,bar7
buff_667,my buff of amazeballs,1.3,bar0,bar1,bar2,bar3,bar4,bar5,bar6,bar7
buff_668,my buff of amazeballs,1.3,bar0,bar1,bar2,bar3,bar4,bar5,bar6,bar7
buff_669,my buff of amazeballs,1.3,bar0,bar1,bar2,bar3,bar4,bar5,bar6,bar7
buff_670,my buff of amazeballs,1.3,bar0,bar1,bar2,bar3,bar4,bar5,bar6,bar7
buff_671,my buff of amazeballs,1.3,bar0,bar1,bar2,bar3,bar4,bar5,bar6,bar7
buff_672,my buff of amazeballs,1.3,bar0,bar1,bar2,bar3,bar4,bar5,bar6,bar7
buff_673,my buff of amazeballs,1.3,bar0,bar1,bar2,bar3,bar4,bar5,bar6,bar7
buff_674,my buff of amazeballs,1.3,bar0,bar1,bar2,bar3,bar4,bar5,bar6,bar7
buff_675,my buff of amazeballs,1.3,bar0,bar1,bar2,bar3,bar4,bar5,bar6,bar7
buff_676,my buff of amazeballs,1.3,bar0,bar1,bar2,bar3,bar4,bar5,bar6,bar7
buff_677,my buff of amazeballs,1.3,bar0,bar1,bar2,bar3,bar4,bar5,bar6,bar7
buff_678,my buff of amazeballs,1.3,bar0,bar1,bar2,bar3,bar4,bar5,bar6,bar7
buff_679,my buff of amazeballs,1.3,bar0,bar1,bar2,bar3,bar4,bar5,bar6,bar7
buff_680,my buff of amazeballs,1.3,bar0,bar1,bar2,bar3,bar4,bar5,bar6,bar7
buff_681,my buff of amazeballs,1.3,bar0,bar1,bar2,bar3,bar4,bar5,bar6,bar7
buff_682,my buff of amazeballs,1.3,bar0,bar1,bar2,bar3,bar4,bar5,bar6,bar7
buff_683,my buff of amazeballs,1.3,bar0,bar1,bar2,bar3,bar4,bar5,bar6,bar7
buff_684,my buff of amazeballs,1.3,bar0,bar1,bar2,bar3,bar4,bar5,bar6,bar7
buff_685,my buff of amazeballs,1.3,bar0,bar1,bar2,bar3,bar4,bar5,bar6,bar7
buff_686,my buff of amazeballs,1.3,bar0,bar1,bar2,bar3,bar4,bar5,bar6,bar7
buff_687,my buff of amazeballs,1.3,bar0,bar1,bar2,bar3,bar4,bar5,bar6,bar7
buff_688,my buff of amazeballs,1.3,bar0,bar1,bar2,bar3,bar4,bar5,bar6,bar7
buff_689,my buff of amazeballs,1.3,bar0,bar1,bar2,bar3,bar4,bar5,bar6,bar7
buff_690,my buff of amazeballs,1.3,bar0,bar1,bar2,bar3,bar4,bar5,bar6,bar7
buff_691,my buff of amazeballs,1.3,bar0,bar1,bar2,bar3,bar4,bar5,bar6,bar7
buff_692,my buff of amazeballs,1.3,bar0,bar1,bar2,bar3,bar4,bar5,bar6,bar7
buff_693,my buff of amazeballs,1.3,bar0,bar1,bar2,bar3,bar4,bar5,bar6,bar7
buff_694,my buff of amazeballs,1.3,bar0,bar1,bar2,bar3,bar4,bar5,bar6,bar7
buff_695,my buff of amazeballs,1.3,bar0,bar1,bar2,bar3,bar4,bar5,bar6,bar7
buff_696,my buff of amazeballs,1.3,bar0,bar1,bar2,bar3,bar4,bar5,bar6,bar7
buff_697,my buff of amazeballs,1.3,bar0,bar1,bar2,bar3,bar4,bar5,bar6,bar7
buff_698,my buff of amazeballs,1.3,bar0,bar1,bar2,bar3,bar4,bar5,bar6,bar7
buff_699,my buff of amazeballs,1.3,bar0,bar1,bar2,bar3,bar4,bar5,bar6,bar7
buff_700,my buff of amazeballs,1.3,bar0,bar1,bar2,bar3,bar4,bar5,bar6,bar7
buff_701,my buff of amazeballs,1.3,bar0,bar1,bar2,bar3,bar4,bar5,bar6,bar7
buff_702,my buff of amazeballs,1.3,bar0,bar1,bar2,bar3,bar4,bar5,bar6,bar7
buff_703,my buff of amazeballs,1.3,bar0,bar1,bar2,bar3,bar4,bar5,bar6,bar7
buff_704,my buff of amazeballs,1.3,bar0,bar1,bar2,bar3,bar4,bar5,bar6,bar7
buff_705,my buff of amazeballs,1.3,bar0,bar1,bar2,bar3,bar4,bar5,bar6,bar7
buff_706,my buff of amazeballs,1.3,bar0,bar1,bar2,bar3,bar4,bar5,bar6,bar7
buff_707,my buff of amazeballs,1.3,bar0,bar1,bar2,bar3,bar4,bar5,bar6,bar7
buff_708,my buff of amazeballs,1.3,bar0,bar1,bar2,bar3,bar4,bar5,bar6,bar7
buff_709,my buff of amazeballs,1.3,bar0,bar1,bar2,bar3,bar4,bar5,bar6,bar7
buff_710,my buff of amazeballs,1.3,bar0,bar1,bar2,bar3,bar4,bar5,bar6,bar7
buff_711,my buff of amazeballs,1.3,bar0,bar1,bar2,bar3,bar4,bar5,bar6,bar7
buff_712,my buff of amazeballs,1.3,bar0,bar1,bar2,bar3,bar4,bar5,bar6,bar7
buff_713,my buff of amazeballs,1.3,bar0,bar1,bar2,bar3,bar4,bar5,bar6,bar7
buff_714,my buff of amazeballs,1.3,bar0,bar1,bar2,bar3,bar4,bar5,bar6,bar7
buff_715,my buff of amazeballs,1.3,bar0,bar1,bar2,bar3,bar4,bar5,bar6,bar7
buff_716,my buff of amazeballs,1.3,bar0,bar1,bar2,bar3,bar4,bar5,bar6,bar7
buff_717,my buff of amazeballs,1.3,bar0,bar1,bar2,bar3,bar4,bar5,bar6,bar7
buff_718,my buff of amazeballs,1.3,bar0,bar1,bar2,bar3,bar4,bar5,bar6,bar7
buff_719,my buff of amazeballs,1.3,bar0,bar1,bar2,bar3,bar4,bar5,bar6,bar7
buff_720,my buff of amazeballs,1.3,bar0,bar1,bar2,bar3,bar4,bar5,bar6,bar7
buff_721,my buff of amazeballs,1.3,bar0,bar1,bar2,bar3,bar4,bar5,bar6,bar7
buff_722,my buff of amazeballs,1.3,bar0,bar1,bar2,bar3,bar4,bar5,bar6,bar7
buff_723,my buff of amazeballs,1.3,bar0,bar1,bar2,bar3,bar4,bar5,bar6,bar7
buff_724,my buff of amazeballs,1.3,bar0,bar1,bar2,bar3,bar4,bar5,bar6,bar7
buff_725,my buff of amazeballs,1.3,bar0,bar1,bar2,bar3,bar4,bar5,bar6,bar7
buff_726,my buff of amazeballs,1.3,bar0,bar1,bar2,bar3,bar4,bar5,bar6,bar7
buff_727,my buff of amazeballs,1.3,bar0,bar1,bar2,bar3,bar4,bar5,bar6,bar7
buff_728,my buff of amazeballs,1.3,bar0,bar1,bar2,bar3,bar4,bar5,bar6,bar7
buff_729,my buff of amazeballs,1.3,bar0,bar1,bar2,bar3,bar4,bar5,bar6,bar7
buff_730,my buff of amazeballs,1.3,bar0,bar1,bar2,bar3,bar4,bar5,bar6,bar7
buff_731,my buff of amazeballs,1.3,bar0,bar1,bar2,bar3,bar4,bar5,bar6,bar7
buff_732,my buff of amazeballs,1.3,bar0,bar1,bar2,bar3,bar4,bar5,bar6,bar7
buff_733,my buff of amazeballs,1.3,bar0,bar1,bar2,bar3,bar4,bar5,bar6,bar7
buff_734,my buff of amazeballs,1.3,bar0,bar1,bar2,bar3,bar4,bar5,bar6,bar7
buff_735,my buff of amazeballs,1.3,bar0,bar1,bar2,bar3,bar4,bar5,bar6,bar7
buff_736,my buff of amazeballs,1.3,bar0,bar1,bar2,bar3,bar4,bar5,bar6,bar7
buff_737,my buff of amazeballs,1.3,bar0,bar1,bar2,bar3,bar4,bar5,bar6,bar7
buff_738,my buff of amazeballs,1.3,bar0,bar1,bar2,bar3,bar4,bar5,bar6,bar7
buff_739,my buff of amazeballs,1.3,bar0,bar1,bar2,bar3,bar4,bar5,bar6,bar7
buff_740,my buff of amazeballs,1.3,bar0,bar1,bar2,bar3,bar4,bar5,bar6,bar7
buff_741,my buff of amazeballs,1.3,bar0,bar1,bar2,bar3,bar4,bar5,bar6,bar7
buff_742,my buff of amazeballs,1.3,bar0,bar1,bar2,bar3,bar4,bar5,bar6,bar7
buff_743,my buff of amazeballs,1.3,bar0,bar1,bar2,bar3,bar4,bar5,bar6,bar7
buff_744,my buff of amazeballs,1.3,bar0,bar1,bar2,bar3,bar4,bar5,bar6,bar7
buff_745,my buff of amazeballs,1.3,bar0,bar1,bar2,bar3,bar4,bar5,bar6,bar7
buff_746,my buff of amazeballs,1.3,bar0,bar1,bar2,bar3,bar4,bar5,bar6,bar7
buff_747,my buff of amazeballs,1.3,bar0,bar1,bar2,bar3,bar4,bar5,bar6,bar7
buff_748,my buff of amazeballs,1.3,bar0,bar1,bar2,bar3,bar4,bar5,bar6,bar7
buff_749,my buff of amazeballs,1.3,bar0,bar1,bar2,bar3,bar4,bar5,bar6,bar7
buff_750,my buff of amazeballs,1.3,bar0,bar1,bar2,bar3,bar4,bar5,bar6,bar7
buff_751,my buff of amazeballs,1.3,bar0,bar1,bar2,bar3,bar4,bar5,bar6,bar7
buff_752,my buff of amazeballs,1.3,bar0,bar1,bar2,bar3,bar4,bar5,bar6,bar7
buff_753,my buff of amazeballs,1.3,bar0,bar1,bar2,bar3,bar4,bar5,bar6,bar7
buff_754,my buff of amazeballs,1.3,bar0,bar1,bar2,bar3,bar4,bar5,bar6,bar7
buff_755,my buff of amazeballs,1.3,bar0,bar1,bar2,bar3,bar4,bar5,bar6,bar7
buff_756,my buff of amazeballs,1.3,bar0,bar1,bar2,bar3,bar4,bar5,bar6,bar7
buff_757,my buff of amazeballs,1.3,bar0,bar1,bar2,bar3,bar4,bar5,bar6,bar7
buff_758,my buff of amazeballs,1.3,bar0,bar1,bar2,bar3,bar4,bar5,bar6,bar7
buff_759,my buff of amazeballs,1.3,bar0,bar1,bar2,bar3,bar4,bar5,bar6,bar7
buff_760,my buff of amazeballs,1.3,bar0,bar1,bar2,bar3,bar4,bar5,bar6,bar7
buff_761,my buff of amazeballs,1.3,bar0,bar1,bar2,bar3,bar4,bar5,bar6,bar7
buff_762,my buff of amazeballs,1.3,bar0,bar1,bar2,bar3,bar4,bar5,bar6,bar7
buff_763,my buff of amazeballs,1.3,bar0,bar1,bar2,bar3,bar4,bar5,bar6,bar7
buff_764,my buff of amazeballs,1.3,bar0,bar1,bar2,bar3,bar4,bar5,bar6,bar7
buff_765,my buff of amazeballs,1.3,bar0,bar1,bar2,bar3,bar4,bar5,bar6,bar7
buff_766,my buff of amazeballs,1.3,bar0,bar1,bar2,bar3,bar4,bar5,bar6,bar7
buff_767,my buff of amazeballs,1.3,bar0,bar1,bar2,bar3,bar4,bar5,bar6,bar7
buff_768,my buff of amazeballs,1.3,bar0,bar1,bar2,bar3,bar4,bar5,bar6,bar7
buff_769,my buff of amazeballs,1.3,bar0,bar1,bar2,bar3,bar4,bar5,bar6,bar7
buff_770,my buff of amazeballs,1.3,bar0,bar1,bar2,bar3,bar4,bar5,bar6,bar7
buff_771,my buff of amazeballs,1.3,bar0,bar1,bar2,bar3,bar4,bar5,bar6,bar7
buff_772,my buff of amazeballs,1.3,bar0,bar1,bar2,bar3,bar4,bar5,bar6,bar7
buff_773,my buff of amazeballs,1.3,bar0,bar1,bar2,bar3,bar4,bar5,bar6,bar7
buff_774,my buff of amazeballs,1.3,bar0,bar1,bar2,bar3,bar4,bar5,bar6,bar7
buff_775,my buff of amazeballs,1.3,bar0,bar1,bar2,bar3,bar4,bar5,bar6,bar7
buff_776,my buff of amazeballs,1.3,bar0,bar1,bar2,bar3,bar4,bar5,bar6,bar7
buff_777,my buff of amazeballs,1.3,bar0,bar1,bar2,bar3,bar4,bar5,bar6,bar7
buff_778,my buff of amazeballs,1.3,bar0,bar1,bar2,bar3,bar4,bar5,bar6,bar7
buff_779,my buff of amazeballs,1.3,bar0,bar1,bar2,bar3,bar4,bar5,bar6,bar7
buff_780,my buff of amazeballs,1.3,bar0,bar1,bar2,bar3,bar4,bar5,bar6,bar7
buff_781,my buff of amazeballs,1.3,bar0,bar1,bar2,bar3,bar4,bar5,bar6,bar7
buff_782,my buff of amazeballs,1.3,bar0,bar1,bar2,bar3,bar4,bar5,bar6,bar7
buff_783,my buff of amazeballs,1.3,bar0,bar1,bar2,bar3,bar4,bar5,bar6,bar7
buff_784,my buff of amazeballs,1.3,bar0,bar1,bar2,bar3,bar4,bar5,bar6,bar7
buff_785,my buff of amazeballs,1.3,bar0,bar1,bar2,bar3,bar4,bar5,bar6,bar7
buff_786,my buff of amazeballs,1.3,bar0,bar1,bar2,bar3,bar4,bar5,bar6,bar7
buff_787,my buff of amazeballs,1.3,bar0,bar1,bar2,bar3,bar4,bar5,bar6,bar7
buff_788,my buff of amazeballs,1.3,bar0,bar1,bar2,bar3,bar4,bar5,bar6,bar7
buff_789,my buff of amazeballs,1.3,bar0,bar1,bar2,bar3,bar4,bar5,bar6,bar7
buff_790,my buff of amazeballs,1.3,bar0,bar1,bar2,bar3,bar4,bar5,bar6,bar7
buff_791,my buff of amazeballs,1.3,bar0,bar1,bar2,bar3,bar4,bar5,bar6,bar7
buff_792,my buff of amazeballs,1.3,bar0,bar1,bar2,bar3,bar4,bar5,bar6,bar7
buff_793,my buff of amazeballs,1.3,bar0,bar1,bar2,bar3,bar4,bar5,bar6,bar7
buff_794,my buff of amazeballs,1.3,bar0,bar1,bar2,bar3,bar4,bar5,bar6,bar7
buff_795,my buff of amazeballs,1.3,bar0,bar1,bar2,bar3,bar4,bar5,bar6,bar7
buff_796,my buff of amazeballs,1.3,bar0,bar1,bar2,bar3,bar4,bar5,bar6,bar7
buff_797,my buff of amazeballs,1.3,bar0,bar1,bar2,bar3,bar4,bar5,bar6,bar7
buff_798,my buff of amazeballs,1.3,bar0,bar1,bar2,bar3,bar4,bar5,bar6,bar7
buff_799,my buff of amazeballs,1.3,bar0,bar1,bar2,bar3,bar4,bar5,bar6,bar7
buff_800,my buff of amazeballs,1.3,bar0,bar1,bar2,bar3,bar4,bar5,bar6,bar7
buff_801,my buff of amazeballs,1.3,bar0,bar1,bar2,bar3,bar4,bar5,bar6,bar7
buff_802,my buff of amazeballs,1.3,bar0,bar1,bar2,bar3,bar4,bar5,bar6,bar7
buff_803,my buff of amazeballs,1.3,bar0,bar1,bar2,bar3,bar4,bar5,bar6,bar7
buff_804,my buff of amazeballs,1.3,bar0,bar1,bar2,bar3,bar4,bar5,bar6,bar7
buff_805,my buff of amazeballs,1.3,bar0,bar1,bar2,bar3,bar4,bar5,bar6,bar7
buff_806,my buff of amazeballs,1.3,bar0,bar1,bar2,bar3,bar4,bar5,bar6,bar7
buff_807,my buff of amazeballs,1.3,bar0,bar1,bar2,bar3,bar4,bar5,bar6,bar7
buff_808,my buff of amazeballs,1.3,bar0,bar1,bar2,bar3,bar4,bar5,bar6,bar7
buff_809,my buff of amazeballs,1.3,bar0,bar1,bar2,bar3,bar4,bar5,bar6,bar7
buff_810,my buff of amazeballs,1.3,bar0,bar1,bar2,bar3,bar4,bar5,bar6,bar7
buff_811,my buff of amazeballs,1.3,bar0,bar1,bar2,bar3,bar4,bar5,bar6,bar7
buff_812,my buff of amazeballs,1.3,bar0,bar1,bar2,bar3,bar4,bar5,bar6,bar7
buff_813,my buff of amazeballs,1.3,bar0,bar1,bar2,bar3,bar4,bar5,bar6,bar7
buff_814,my buff of amazeballs,1.3,bar0,bar1,bar2,bar3,bar4,bar5,bar6,bar7
buff_815,my buff of amazeballs,1.3,bar0,bar1,bar2,bar3,bar4,bar5,bar6,bar7
buff_816,my buff of amazeballs,1.3,bar0,bar1,bar2,bar3,bar4,bar5,bar6,bar7
buff_817,my buff of amazeballs,1.3,bar0,bar1,bar2,bar3,bar4,bar5,bar6,bar7
buff_818,my buff of amazeballs,1.3,bar0,bar1,bar2,bar3,bar4,bar5,bar6,bar7
buff_819,my buff of amazeballs,1.3,bar0,bar1,bar2,bar3,bar4,bar5,bar6,bar7
buff_820,my buff of amazeballs,1.3,bar0,bar1,bar2,bar3,bar4,bar5,bar6,bar7
buff_821,my buff of amazeballs,1.3,bar0,bar1,bar2,bar3,bar4,bar5,bar6,bar7
buff_822,my buff of amazeballs,1.3,bar0,bar1,bar2,bar3,bar4,bar5,bar6,bar7
buff_823,my buff of amazeballs,1.3,bar0,bar1,bar2,bar3,bar4,bar5,bar6,bar7
buff_824,my buff of amazeballs,1.3,bar0,bar1,bar2,bar3,bar4,bar5,bar6,bar7
buff_825,my buff of amazeballs,1.3,bar0,bar1,bar2,bar3,bar4,bar5,bar6,bar7
buff_826,my buff of amazeballs,1.3,bar0,bar1,bar2,bar3,bar4,bar5,bar6,bar7
buff_827,my buff of amazeballs,1.3,bar0,bar1,bar2,bar3,bar4,bar5,bar6,bar7
buff_828,my buff of amazeballs,1.3,bar0,bar1,bar2,bar3,bar4,bar5,bar6,bar7
buff_829,my buff of amazeballs,1.3,bar0,bar1,bar2,bar3,bar4,bar5,bar6,bar7
buff_830,my buff of amazeballs,1.3,bar0,bar1,bar2,bar3,bar4,bar5,bar6,bar7
buff_831,my buff of amazeballs,1.3,bar0,bar1,bar2,bar3,bar4,bar5,bar6,bar7
buff_832,my buff of amazeballs,1.3,bar0,bar1,bar2,bar3,bar4,bar5,bar6,bar7
buff_833,my buff of amazeballs,1.3,bar0,bar1,bar2,bar3,bar4,bar5,bar6,bar7
buff_834,my buff of amazeballs,1.3,bar0,bar1,bar2,bar3,bar4,bar5,bar6,bar7
buff_835,my buff of amazeballs,1.3,bar0,bar1,bar2,bar3,bar4,bar5,bar6,bar7
buff_836,my buff of amazeballs,1.3,bar0,bar1,bar2,bar3,bar4,bar5,bar6,bar7
buff_837,my buff of amazeballs,1.3,bar0,bar1,bar2,bar3,bar4,bar5,bar6,bar7
buff_838,my buff of amazeballs,1.3,bar0,bar1,bar2,bar3,bar4,bar5,bar6,bar7
buff_839,my buff of amazeballs,1.3,bar0,bar1,bar2,bar3,bar4,bar5,bar6,bar7
buff_840,my buff of amazeballs,1.3,bar0,bar1,bar2,bar3,bar4,bar5,bar6,bar7
buff_841,my buff of amazeballs,1.3,bar0,bar1,bar2,bar3,bar4,bar5,bar6,bar7
buff_842,my buff of amazeballs,1.3,bar0,bar1,bar2,bar3,bar4,bar5,bar6,bar7
buff_843,my buff of amazeballs,1.3,bar0,bar1,bar2,bar3,bar4,bar5,bar6,bar7
buff_844,my buff of amazeballs,1.3,bar0,bar1,bar2,bar3,bar4,bar5,bar6,bar7
buff_845,my buff of amazeballs,1.3,bar0,bar1,bar2,bar3,bar4,bar5,bar6,bar7
buff_846,my buff of amazeballs,1.3,bar0,bar1,bar2,bar3,bar4,bar5,bar6,bar7
buff_847,my buff of amazeballs,1.3,bar0,bar1,bar2,bar3,bar4,bar5,bar6,bar7
buff_848,my buff of amazeballs,1.3,bar0,bar1,bar2,bar3,bar4,bar5,bar6,bar7
buff_849,my buff of amazeballs,1.3,bar0,bar1,bar2,bar3,bar4,bar5,bar6,bar7
buff_850,my buff of amazeballs,1.3,bar0,bar1,bar2,bar3,bar4,bar5,bar6,bar7
buff_851,my buff of amazeballs,1.3,bar0,bar1,bar2,bar3,bar4,bar5,bar6,bar7
buff_852,my buff of amazeballs,1.3,bar0,bar1,bar2,bar3,bar4,bar5,bar6,bar7
buff_853,my buff of amazeballs,1.3,bar0,bar1,bar2,bar3,bar4,bar5,bar6,bar7
buff_854,my buff of amazeballs,1.3,bar0,bar1,bar2,bar3,bar4,bar5,bar6,bar7
buff_855,my buff of amazeballs,1.3,bar0,bar1,bar2,bar3,bar4,bar5,bar6,bar7
buff_856,my buff of amazeballs,1.3,bar0,bar1,bar2,bar3,bar4,bar5,bar6,bar7
buff_857,my buff of amazeballs,1.3,bar0,bar1,bar2,bar3,bar4,bar5,bar6,bar7
buff_858,my buff of amazeballs,1.3,bar0,bar1,bar2,bar3,bar4,bar5,bar6,bar7
buff_859,my buff of amazeballs,1.3,bar0,bar1,bar2,bar3,bar4,bar5,bar6,bar7
buff_860,my buff of amazeballs,1.3,bar0,bar1,bar2,bar3,bar4,bar5,bar6,bar7
buff_861,my buff of amazeballs,1.3,bar0,bar1,bar2,bar3,bar4,bar5,bar6,bar7
buff_862,my buff of amazeballs,1.3,bar0,bar1,bar2,bar3,bar4,bar5,bar6,bar7
buff_863,my buff of amazeballs,1.3,bar0,bar1,bar2,bar3,bar4,bar5,bar6,bar7
buff_864,my buff of amazeballs,1.3,bar0,bar1,bar2,bar3,bar4,bar5,bar6,bar7
buff_865,my buff of amazeballs,1.3,bar0,bar1,bar2,bar3,bar4,bar5,bar6,bar7
buff_866,my buff of amazeballs,1.3,bar0,bar1,bar2,bar3,bar4,bar5,bar6,bar7
buff_867,my buff of amazeballs,1.3,bar0,bar1,bar2,bar3,bar4,bar5,bar6,bar7
buff_868,my buff of amazeballs,1.3,bar0,bar1,bar2,bar3,bar4,bar5,bar6,bar7
buff_869,my buff of amazeballs,1.3,bar0,bar1,bar2,bar3,bar4,bar5,bar6,bar7
buff_870,my buff of amazeballs,1.3,bar0,bar1,bar2,bar3,bar4,bar5,bar6,bar7
buff_871,my buff of amazeballs,1.3,bar0,bar1,bar2,bar3,bar4,bar5,bar6,bar7
buff_872,my buff of amazeballs,1.3,bar0,bar1,bar2,bar3,bar4,bar5,bar6,bar7
buff_873,my buff of amazeballs,1.3,bar0,bar1,bar2,bar3,bar4,bar5,bar6,bar7
buff_874,my buff of amazeballs,1.3,bar0,bar1,bar2,bar3,bar4,bar5,bar6,bar7
buff_875,my buff of amazeballs,1.3,bar0,bar1,bar2,bar3,bar4,bar5,bar6,bar7
buff_876,my buff of amazeballs,1.3,bar0,bar1,bar2,bar3,bar4,bar5,bar6,bar7
buff_877,my buff of amazeballs,1.3,bar0,bar1,bar2,bar3,bar4,bar5,bar6,bar7
buff_878,my buff of amazeballs,1.3,bar0,bar1,bar2,bar3,bar4,bar5,bar6,bar7
buff_879,my buff of amazeballs,1.3,bar0,bar1,bar2,bar3,bar4,bar5,bar6,bar7
buff_880,my buff of amazeballs,1.3,bar0,bar1,bar2,bar3,bar4,bar5,bar6,bar7
buff_881,my buff of amazeballs,1.3,bar0,bar1,bar2,bar3,bar4,bar5,bar6,bar7
buff_882,my buff of amazeballs,1.3,bar0,bar1,bar2,bar3,bar4,bar5,bar6,bar7
buff_883,my buff of amazeballs,1.3,bar0,bar1,bar2,bar3,bar4,bar5,bar6,bar7
buff_884,my buff of amazeballs,1.3,bar0,bar1,bar2,bar3,bar4,bar5,bar6,bar7
buff_885,my buff of amazeballs,1.3,bar0,bar1,bar2,bar3,bar4,bar5,bar6,bar7
buff_886,my buff of amazeballs,1.3,bar0,bar1,bar2,bar3,bar4,bar5,bar6,bar7
buff_887,my buff of amazeballs,1.3,bar0,bar1,bar2,bar3,bar4,bar5,bar6,bar7
buff_888,my buff of amazeballs,1.3,bar0,bar1,bar2,bar3,bar4,bar5,bar6,bar7
buff_889,my buff of amazeballs,1.3,bar0,bar1,bar2,bar3,bar4,bar5,bar6,bar7
buff_890,my buff of amazeballs,1.3,bar0,bar1,bar2,bar3,bar4,bar5,bar6,bar7
buff_891,my buff of amazeballs,1.3,bar0,bar1,bar2,bar3,bar4,bar5,bar6,bar7
buff_892,my buff of amazeballs,1.3,bar0,bar1,bar2,bar3,bar4,bar5,bar6,bar7
buff_893,my buff of amazeballs,1.3,bar0,bar1,bar2,bar3,bar4,bar5,bar6,bar7
buff_894,my buff of amazeballs,1.3,bar0,bar1,bar2,bar3,bar4,bar5,bar6,bar7
buff_895,my buff of amazeballs,1.3,bar0,bar1,bar2,bar3,bar4,bar5,bar6,bar7
buff_896,my buff of amazeballs,1.3,bar0,bar1,bar2,bar3,bar4,bar5,bar6,bar7
buff_897,my buff of amazeballs,1.3,bar0,bar1,bar2,bar3,bar4,bar5,bar6,bar7
buff_898,my buff of amazeballs,1.3,bar0,bar1,bar2,bar3,bar4,bar5,bar6,bar7
buff_899,my buff of amazeballs,1.3,bar0,bar1,bar2,bar3,bar4,bar5,bar6,bar7
buff_900,my buff of amazeballs,1.3,bar0,bar1,bar2,bar3,bar4,bar5,bar6,bar7
buff_901,my buff of amazeballs,1.3,bar0,bar1,bar2,bar3,bar4,bar5,bar6,bar7
buff_902,my buff of amazeballs,1.3,bar0,bar1,bar2,bar3,bar4,bar5,bar6,bar7
buff_903,my buff of amazeballs,1.3,bar0,bar1,bar2,bar3,bar4,bar5,bar6,bar7
buff_904,my buff of amazeballs,1.3,bar0,bar1,bar2,bar3,bar4,bar5,bar6,bar7
buff_905,my buff of amazeballs,1.3,bar0,bar1,bar2,bar3,bar4,bar5,bar6,bar7
buff_906,my buff of amazeballs,1.3,bar0,bar1,bar2,bar3,bar4,bar5,bar6,bar7
buff_907,my buff of amazeballs,1.3,bar0,bar1,bar2,bar3,bar4,bar5,bar6,bar7
buff_908,my buff of amazeballs,1.3,bar0,bar1,bar2,bar3,bar4,bar5,bar6,bar7
buff_909,my buff of amazeballs,1.3,bar0,bar1,bar2,bar3,bar4,bar5,bar6,bar7
buff_910,my buff of amazeballs,1.3,bar0,bar1,bar2,bar3,bar4,bar5,bar6,bar7
buff_911,my buff of amazeballs,1.3,bar0,bar1,bar2,bar3,bar4,bar5,bar6,bar7
buff_912,my buff of amazeballs,1.3,bar0,bar1,bar2,bar3,bar4,bar5,bar6,bar7
buff_913,my buff of amazeballs,1.3,bar0,bar1,bar2,bar3,bar4,bar5,bar6,bar7
buff_914,my buff of amazeballs,1.3,bar0,bar1,bar2,bar3,bar4,bar5,bar6,bar7
buff_915,my buff of amazeballs,1.3,bar0,bar1,bar2,bar3,bar4,bar5,bar6,bar7
buff_916,my buff of amazeballs,1.3,bar0,bar1,bar2,bar3,bar4,bar5,bar6,bar7
buff_917,my buff of amazeballs,1.3,bar0,bar1,bar2,bar3,bar4,bar5,bar6,bar7
buff_918,my buff of amazeballs,1.3,bar0,bar1,bar2,bar3,bar4,bar5,bar6,bar7
buff_919,my buff of amazeballs,1.3,bar0,bar1,bar2,bar3,bar4,bar5,bar6,bar7
buff_920,my buff of amazeballs,1.3,bar0,bar1,bar2,bar3,bar4,bar5,bar6,bar7
buff_921,my buff of amazeballs,1.3,bar0,bar1,bar2,bar3,bar4,bar5,bar6,bar7
buff_922,my buff of amazeballs,1.3,bar0,bar1,bar2,bar3,bar4,bar5,bar6,bar7
buff_923,my buff of amazeballs,1.3,bar0,bar1,bar2,bar3,bar4,bar5,bar6,bar7
buff_924,my buff of amazeballs,1.3,bar0,bar1,bar2,bar3,bar4,bar5,bar6,bar7
buff_925,my buff of amazeballs,1.3,bar0,bar1,bar2,bar3,bar4,bar5,bar6,bar7
buff_926,my buff of amazeballs,1.3,bar0,bar1,bar2,bar3,bar4,bar5,bar6,bar7
buff_927,my buff of amazeballs,1.3,bar0,bar1,bar2,bar3,bar4,bar5,bar6,bar7
buff_928,my buff of amazeballs,1.3,bar0,bar1,bar2,bar3,bar4,bar5,bar6,bar7
buff_929,my buff of amazeballs,1.3,bar0,bar1,bar2,bar3,bar4,bar5,bar6,bar7
buff_930,my buff of amazeballs,1.3,bar0,bar1,bar2,bar3,bar4,bar5,bar6,bar7
buff_931,my buff of amazeballs,1.3,bar0,bar1,bar2,bar3,bar4,bar5,bar6,bar7
buff_932,my buff of amazeballs,1.3,bar0,bar1,bar2,bar3,bar4,bar5,bar6,bar7
buff_933,my buff of amazeballs,1.3,bar0,bar1,bar2,bar3,bar4,bar5,bar6,bar7
buff_934,my buff of amazeballs,1.3,bar0,bar1,bar2,bar3,bar4,bar5,bar6,bar7
buff_935,my buff of amazeballs,1.3,bar0,bar1,bar2,bar3,bar4,bar5,bar6,bar7
buff_936,my buff of amazeballs,1.3,bar0,bar1,bar2,bar3,bar4,bar5,bar6,bar7
buff_937,my buff of amazeballs,1.3,bar0,bar1,bar2,bar3,bar4,bar5,bar6,bar7
buff_938,my buff of amazeballs,1.3,bar0,bar1,bar2,bar3,bar4,bar5,bar6,bar7
buff_939,my buff of amazeballs,1.3,bar0,bar1,bar2,bar3,bar4,bar5,bar6,bar7
buff_940,my buff of amazeballs,1.3,bar0,bar1,bar2,bar3,bar4,bar5,bar6,bar7
buff_941,my buff of amazeballs,1.3,bar0,bar1,bar2,bar3,bar4,bar5,bar6,bar7
buff_942,my buff of amazeballs,1.3,bar0,bar1,bar2,bar3,bar4,bar5,bar6,bar7
buff_943,my buff of amazeballs,1.3,bar0,bar1,bar2,bar3,bar4,bar5,bar6,bar7
buff_944,my buff of amazeballs,1.3,bar0,bar1,bar2,bar3,bar4,bar5,bar6,bar7
buff_945,my buff of amazeballs,1.3,bar0,bar1,bar2,bar3,bar4,bar5,bar6,bar7
buff_946,my buff of amazeballs,1.3,bar0,bar1,bar2,bar3,bar4,bar5,bar6,bar7
buff_947,my buff of amazeballs,1.3,bar0,bar1,bar2,bar3,bar4,bar5,bar6,bar7
buff_948,my buff of amazeballs,1.3,bar0,bar1,bar2,bar3,bar4,bar5,bar6,bar7
buff_949,my buff of amazeballs,1.3,bar0,bar1,bar2,bar3,bar4,bar5,bar6,bar7
buff_950,my buff of amazeballs,1.3,bar0,bar1,bar2,bar3,bar4,bar5,bar6,bar7
buff_951,my buff of amazeballs,1.3,bar0,bar1,bar2,bar3,bar4,bar5,bar6,bar7
buff_952,my buff of amazeballs,1.3,bar0,bar1,bar2,bar3,bar4,bar5,bar6,bar7
buff_953,my buff of amazeballs,1.3,bar0,bar1,bar2,bar3,bar4,bar5,bar6,bar7
buff_954,my buff of amazeballs,1.3,bar0,bar1,bar2,bar3,bar4,bar5,bar6,bar7
buff_955,my buff of amazeballs,1.3,bar0,bar1,bar2,bar3,bar4,bar5,bar6,bar7
buff_956,my buff of amazeballs,1.3,bar0,bar1,bar2,bar3,bar4,bar5,bar6,bar7
buff_957,my buff of amazeballs,1.3,bar0,bar1,bar2,bar3,bar4,bar5,bar6,bar7
buff_958,my buff of amazeballs,1.3,bar0,bar1,bar2,bar3,bar4,bar5,bar6,bar7
buff_959,my buff of amazeballs,1.3,bar0,bar1,bar2,bar3,bar4,bar5,bar6,bar7
buff_960,my buff of amazeballs,1.3,bar0,bar1,bar2,bar3,bar4,bar5,bar6,bar7
buff_961,my buff of amazeballs,1.3,bar0,bar1,bar2,bar3,bar4,bar5,bar6,bar7
buff_962,my buff of amazeballs,1.3,bar0,bar1,bar2,bar3,bar4,bar5,bar6,bar7
buff_963,my buff of amazeballs,1.3,bar0,bar1,bar2,bar3,bar4,bar5,bar6,bar7
buff_964,my buff of amazeballs,1.3,bar0,bar1,bar2,bar3,bar4,bar5,bar6,bar7
buff_965,my buff of amazeballs,1.3,bar0,bar1,bar2,bar3,bar4,bar5,bar6,bar7
buff_966,my buff of amazeballs,1.3,bar0,bar1,bar2,bar3,bar4,bar5,bar6,bar7
buff_967,my buff of amazeballs,1.3,bar0,bar1,bar2,bar3,bar4,bar5,bar6,bar7
buff_968,my buff of amazeballs,1.3,bar0,bar1,bar2,bar3,bar4,bar5,bar6,bar7
buff_969,my buff of amazeballs,1.3,bar0,bar1,bar2,bar3,bar4,bar5,bar6,bar7
buff_970,my buff of amazeballs,1.3,bar0,bar1,bar2,bar3,bar4,bar5,bar6,bar7
buff_971,my buff of amazeballs,1.3,bar0,bar1,bar2,bar3,bar4,bar5,bar6,bar7
buff_972,my buff of amazeballs,1.3,bar0,bar1,bar2,bar3,bar4,bar5,bar6,bar7
buff_973,my buff of amazeballs,1.3,bar0,bar1,bar2,bar3,bar4,bar5,bar6,bar7
buff_974,my buff of amazeballs,1.3,bar0,bar1,bar2,bar3,bar4,bar5,bar6,bar7
buff_975,my buff of amazeballs,1.3,bar0,bar1,bar2,bar3,bar4,bar5,bar6,bar7
buff_976,my buff of amazeballs,1.3,bar0,bar1,bar2,bar3,bar4,bar5,bar6,bar7
buff_977,my buff of amazeballs,1.3,bar0,bar1,bar2,bar3,bar4,bar5,bar6,bar7
buff_978,my buff of amazeballs,1.3,bar0,bar1,bar2,bar3,bar4,bar5,bar6,bar7
buff_979,my buff of amazeballs,1.3,bar0,bar1,bar2,bar3,bar4,bar5,bar6,bar7
buff_980,my buff of amazeballs,1.3,bar0,bar1,bar2,bar3,bar4,bar5,bar6,bar7
buff_981,my buff of amazeballs,1.3,bar0,bar1,bar2,bar3,bar4,bar5,bar6,bar7
buff_982,my buff of amazeballs,1.3,bar0,bar1,bar2,bar3,bar4,bar5,bar6,bar7
buff_983,my buff of amazeballs,1.3,bar0,bar1,bar2,bar3,bar4,bar5,bar6,bar7
buff_984,my buff of amazeballs,1.3,bar0,bar1,bar2,bar3,bar4,bar5,bar6,bar7
buff_985,my buff of amazeballs,1.3,bar0,bar1,bar2,bar3,bar4,bar5,bar6,bar7
buff_986,my buff of amazeballs,1.3,bar0,bar1,bar2,bar3,bar4,bar5,bar6,bar7
buff_987,my buff of amazeballs,1.3,bar0,bar1,bar2,bar3,bar4,bar5,bar6,bar7
buff_988,my buff of amazeballs,1.3,bar0,bar1,bar2,bar3,bar4,bar5,bar6,bar7
buff_989,my buff of amazeballs,1.3,bar0,bar1,bar2,bar3,bar4,bar5,bar6,bar7
buff_990,my buff of amazeballs,1.3,bar0,bar1,bar2,bar3,bar4,bar5,bar6,bar7
buff_991,my buff of amazeballs,1.3,bar0,bar1,bar2,bar3,bar4,bar5,bar6,bar7
buff_992,my buff of amazeballs,1.3,bar0,bar1,bar2,bar3,bar4,bar5,bar6,bar7
buff_993,my buff of amazeballs,1.3,bar0,bar1,bar2,bar3,bar4,bar5,bar6,bar7
buff_994,my buff of amazeballs,1.3,bar0,bar1,bar2,bar3,bar4,bar5,bar6,bar7
buff_995,my buff of amazeballs,1.3,bar0,bar1,bar2,bar3,bar4,bar5,bar6,bar7
buff_996,my buff of amazeballs,1.3,bar0,bar1,bar2,bar3,bar4,bar5,bar6,bar7
buff_997,my buff of amazeballs,1.3,bar0,bar1,bar2,bar3,bar4,bar5,bar6,bar7
buff_998,my buff of amazeballs,1.3,bar0,bar1,bar2,bar3,bar4,bar5,bar6,bar7
buff_999,my buff of amazeballs,1.3,bar0,bar1,bar2,bar3,bar4,bar5,bar6,bar7