k.Name,Description,Dmg_Type,i.Dmg,d.Speed,foo0,foo1,foo2,foo3,foo4,foo5,foo6,foo7
sword_0,my sword of amazeballs,dtype_0,100,1.3,bar0,bar1,bar2,bar3,bar4,bar5,bar6,bar7
sword_1,my sword of amazeballs,dtype_1,100,1.3,bar0,bar1,bar2,bar3,bar4,bar5,bar6,bar7
sword_2,my sword of amazeballs,dtype_2,100,1.3,bar0,bar1,bar2,bar3,bar4,bar5,bar6,bar7
sword_3,my sword of amazeballs,dtype_3,100,1.3,bar0,bar1,bar2,bar3,bar4,bar5,bar6,bar7
sword_4,my sword of amazeballs,dtype_4,100,1.3,bar0,bar1,bar2,bar3,bar4,bar5,bar6,bar7
sword_5,my sword of amazeballs,dtype_5,100,1.3,bar0,bar1,bar2,bar3,bar4,bar5,bar6,bar7
sword_6,my sword of amazeballs,dtype_6,100,1.3,bar0,bar1,bar2,bar3,bar4,bar5,bar6,bar7
sword_7,my sword of amazeballs,dtype_7,100,1.3,bar0,bar1,bar2,bar3,bar4,bar5,bar6,bar7
sword_8,my sword of amazeballs,dtype_8,100,1.3,bar0,bar1,bar2,bar3,bar4,bar5,bar6,bar7
sword_9,my sword of amazeballs,dtype_9,100,1.3,bar0,bar1,bar2,bar3,bar4,bar5,bar6,bar7
sword_10,my sword of amazeballs,dtype_10,100,1.3,bar0,bar1,bar2,bar3,bar4,bar5,bar6,bar7
sword_11,my sword of amazeballs,dtype_11,100,1.3,bar0,bar1,bar2,bar3,bar4,bar5,bar6,bar7
sword_12,my sword of amazeballs,dtype_12,100,1.3,bar0,bar1,bar2,bar3,bar4,bar5,bar6,bar7
sword_13,my sword of amazeballs,dtype_13,100,1.3,bar0,bar1,bar2,bar3,bar4,bar5,bar6,bar7
sword_14,my sword of amazeballs,dtype_14,100,1.3,bar0,bar1,bar2,bar3,bar4,bar5,bar6,bar7
sword_15,my sword of amazeballs,dtype_15,100,1.3,bar0,bar1,bar2,bar3,bar4,bar5,bar6,bar7
sword_16,my sword of amazeballs,dtype_16,100,1.3,bar0,bar1,bar2,bar3,bar4,bar5,bar6,bar7
sword_17,my sword of amazeballs,dtype_17,100,1.3,bar0,bar1,bar2,bar3,bar4,bar5,bar6,bar7
sword_18,my sword of amazeballs,dtype_18,100,1.3,bar0,bar1,bar2,bar3,bar4,bar5,bar6,bar7
sword_19,my sword of amazeballs,dtype_19,100,1.3,bar0,bar1,bar2,bar3,bar4,bar5,bar6,bar7
sword_20,my sword of amazeballs,dtype_20,100,1.3,bar0,bar1,bar2,bar3,bar4,bar5,bar6,bar7
sword_21,my sword of amazeballs,dtype_21,100,1.3,bar0,bar1,bar2,bar3,bar4,bar5,bar6,bar7
sword_22,my sword of amazeballs,dtype_22,100,1.3,bar0,bar1,bar2,bar3,bar4,bar5,bar6,bar7
sword_23,my sword of amazeballs,dtype_23,100,1.3,bar0,bar1,bar2,bar3,bar4,bar5,bar6,bar7
sword_24,my sword of amazeballs,dtype_24,100,1.3,bar0,bar1,bar2,bar3,bar4,bar5,bar6,bar7
sword_25,my sword of amazeballs,dtype_25,100,1.3,bar0,bar1,bar2,bar3,bar4,bar5,bar6,bar7
sword_26,my sword of amazeballs,dtype_26,100,1.3,bar0,bar1,bar2,bar3,bar4,bar5,bar6,bar7
sword_27,my sword of amazeballs,dtype_27,100,1.3,bar0,bar1,bar2,bar3,bar4,bar5,bar6,bar7
sword_28,my sword of amazeballs,dtype_28,100,1.3,bar0,bar1,bar2,bar3,bar4,bar5,bar6,bar7
sword_29,my sword of amazeballs,dtype_29,100,1.3,bar0,bar1,bar2,bar3,bar4,bar5,bar6,bar7
sword_30,my sword of amazeballs,dtype_30,100,1.3,bar0,bar1,bar2,bar3,bar4,bar5,bar6,bar7
sword_31,my sword of amazeballs,dtype_31,100,1.3,bar0,bar1,bar2,bar3,bar4,bar5,bar6,bar7
sword_32,my sword of amazeballs,dtype_32,100,1.3,bar0,bar1,bar2,bar3,bar4,bar5,bar6,bar7
sword_33,my sword of amazeballs,dtype_33,100,1.3,bar0,bar1,bar2,bar3,bar4,bar5,bar6,bar7
sword_34,my sword of amazeballs,dtype_34,100,1.3,bar0,bar1,bar2,bar3,bar4,bar5,bar6,bar7
sword_35,my sword of amazeballs,dtype_35,100,1.3,bar0,bar1,bar2,bar3,bar4,bar5,bar6,bar7
sword_36,my sword of amazeballs,dtype_36,100,1.3,bar0,bar1,bar2,bar3,bar4,bar5,bar6,bar7
sword_37,my sword of amazeballs,dtype_37,100,1.3,bar0,bar1,bar2,bar3,bar4,bar5,bar6,bar7
sword_38,my sword of amazeballs,dtype_38,100,1.3,bar0,bar1,bar2,bar3,bar4,bar5,bar6,bar7
sword_39,my sword of amazeballs,dtype_39,100,1.3,bar0,bar1,bar2,bar3,bar4,bar5,bar6,bar7
sword_40,my sword of amazeballs,dtype_40,100,1.3,bar0,bar1,bar2,bar3,bar4,bar5,bar6,bar7
sword_41,my sword of amazeballs,dtype_41,100,1.3,bar0,bar1,bar2,bar3,bar4,bar5,bar6,bar7
sword_42,my sword of amazeballs,dtype_42,100,1.3,bar0,bar1,bar2,bar3,bar4,bar5,bar6,bar7
sword_43,my sword of amazeballs,dtype_43,100,1.3,bar0,bar1,bar2,bar3,bar4,bar5,bar6,bar7
sword_44,my sword of amazeballs,dtype_44,100,1.3,bar0,bar1,bar2,bar3,bar4,bar5,bar6,bar7
sword_45,my sword of amazeballs,dtype_45,100,1.3,bar0,bar1,bar2,bar3,bar4,bar5,bar6,bar7
sword_46,my sword of amazeballs,dtype_46,100,1.3,bar0,bar1,bar2,bar3,bar4,bar5,bar6,bar7
sword_47,my sword of amazeballs,dtype_47,100,1.3,bar0,bar1,bar2,bar3,bar4,bar5,bar6,bar7
sword_48,my sword of amazeballs,dtype_48,100,1.3,bar0,bar1,bar2,bar3,bar4,bar5,bar6,bar7
sword_49,my sword of amazeballs,dtype_49,100,1.3,bar0,bar1,bar2,bar3,bar4,bar5,bar6,bar7
sword_50,my sword of amazeballs,dtype_50,100,1.3,bar0,bar1,bar2,bar3,bar4,bar5,bar6,bar7
sword_51,my sword of amazeballs,dtype_51,100,1.3,bar0,bar1,bar2,bar3,bar4,bar5,bar6,bar7
sword_52,my sword of amazeballs,dtype_52,100,1.3,bar0,bar1,bar2,bar3,bar4,bar5,bar6,bar7
sword_53,my sword of amazeballs,dtype_53,100,1.3,bar0,bar1,bar2,bar3,bar4,bar5,bar6,bar7
sword_54,my sword of amazeballs,dtype_54,100,1.3,bar0,bar1,bar2,bar3,bar4,bar5,bar6,bar7
sword_55,my sword of amazeballs,dtype_55,100,1.3,bar0,bar1,bar2,bar3,bar4,bar5,bar6,bar7
sword_56,my sword of amazeballs,dtype_56,100,1.3,bar0,bar1,bar2,bar3,bar4,bar5,bar6,bar7
sword_57,my sword of amazeballs,dtype_57,100,1.3,bar0,bar1,bar2,bar3,bar4,bar5,bar6,bar7
sword_58,my sword of amazeballs,dtype_58,100,1.3,bar0,bar1,bar2,bar3,bar4,bar5,bar6,bar7
sword_59,my sword of amazeballs,dtype_59,100,1.3,bar0,bar1,bar2,bar3,bar4,bar5,bar6,bar7
sword_60,my sword of amazeballs,dtype_60,100,1.3,bar0,bar1,bar2,bar3,bar4,bar5,bar6,bar7
sword_61,my sword of amazeballs,dtype_61,100,1.3,bar0,bar1,bar2,bar3,bar4,bar5,bar6,bar7
sword_62,my sword of amazeballs,dtype_62,100,1.3,bar0,bar1,bar2,bar3,bar4,bar5,bar6,bar7
sword_63,my sword of amazeballs,dtype_63,100,1.3,bar0,bar1,bar2,bar3,bar4,bar5,bar6,bar7
sword_64,my sword of amazeballs,dtype_64,100,1.3,bar0,bar1,bar2,bar3,bar4,bar5,bar6,bar7
sword_65,my sword of amazeballs,dtype_65,100,1.3,bar0,bar1,bar2,bar3,bar4,bar5,bar6,bar7
sword_66,my sword of amazeballs,dtype_66,100,1.3,bar0,bar1,bar2,bar3,bar4,bar5,bar6,bar7
sword_67,my sword of amazeballs,dtype_67,100,1.3,bar0,bar1,bar2,bar3,bar4,bar5,bar6,bar7
sword_68,my sword of amazeballs,dtype_68,100,1.3,bar0,bar1,bar2,bar3,bar4,bar5,bar6,bar7
sword_69,my sword of amazeballs,dtype_69,100,1.3,bar0,bar1,bar2,bar3,bar4,bar5,bar6,bar7
sword_70,my sword of amazeballs,dtype_70,100,1.3,bar0,bar1,bar2,bar3,bar4,bar5,bar6,bar7
sword_71,my sword of amazeballs,dtype_71,100,1.3,bar0,bar1,bar2,bar3,bar4,bar5,bar6,bar7
sword_72,my sword of amazeballs,dtype_72,100,1.3,bar0,bar1,bar2,bar3,bar4,bar5,bar6,bar7
sword_73,my sword of amazeballs,dtype_73,100,1.3,bar0,bar1,bar2,bar3,bar4,bar5,bar6,bar7
sword_74,my sword of amazeballs,dtype_74,100,1.3,bar0,bar1,bar2,bar3,bar4,bar5,bar6,bar7
sword_75,my sword of amazeballs,dtype_75,100,1.3,bar0,bar1,bar2,bar3,bar4,bar5,bar6,bar7
sword_76,my sword of amazeballs,dtype_76,100,1.3,bar0,bar1,bar2,bar3,bar4,bar5,bar6,bar7
sword_77,my sword of amazeballs,dtype_77,100,1.3,bar0,bar1,bar2,bar3,bar4,bar5,bar6,bar7
sword_78,my sword of amazeballs,dtype_78,100,1.3,bar0,bar1,bar2,bar3,bar4,bar5,bar6,bar7
sword_79,my sword of amazeballs,dtype_79,100,1.3,bar0,bar1,bar2,bar3,bar4,bar5,bar6,bar7
sword_80,my sword of amazeballs,dtype_80,100,1.3,bar0,bar1,bar2,bar3,bar4,bar5,bar6,bar7
sword_81,my sword of amazeballs,dtype_81,100,1.3,bar0,bar1,bar2,bar3,bar4,bar5,bar6,bar7
sword_82,my sword of amazeballs,dtype_82,100,1.3,bar0,bar1,bar2,bar3,bar4,bar5,bar6,bar7
sword_83,my sword of amazeballs,dtype_83,100,1.3,bar0,bar1,bar2,bar3,bar4,bar5,bar6,bar7
sword_84,my sword of amazeballs,dtype_84,100,1.3,bar0,bar1,bar2,bar3,bar4,bar5,bar6,bar7
sword_85,my sword of amazeballs,dtype_85,100,1.3,bar0,bar1,bar2,bar3,bar4,bar5,bar6,bar7
sword_86,my sword of amazeballs,dtype_86,100,1.3,bar0,bar1,bar2,bar3,bar4,bar5,bar6,bar7
sword_87,my sword of amazeballs,dtype_87,100,1.3,bar0,bar1,bar2,bar3,bar4,bar5,bar6,bar7
sword_88,my sword of amazeballs,dtype_88,100,1.3,bar0,bar1,bar2,bar3,bar4,bar5,bar6,bar7
sword_89,my sword of amazeballs,dtype_89,100,1.3,bar0,bar1,bar2,bar3,bar4,bar5,bar6,bar7
sword_90,my sword of amazeballs,dtype_90,100,1.3,bar0,bar1,bar2,bar3,bar4,bar5,bar6,bar7
sword_91,my sword of amazeballs,dtype_91,100,1.3,bar0,bar1,bar2,bar3,bar4,bar5,bar6,bar7
sword_92,my sword of amazeballs,dtype_92,100,1.3,bar0,bar1,bar2,bar3,bar4,bar5,bar6,bar7
sword_93,my sword of amazeballs,dtype_93,100,1.3,bar0,bar1,bar2,bar3,bar4,bar5,bar6,bar7
sword_94,my sword of amazeballs,dtype_94,100,1.3,bar0,bar1,bar2,bar3,bar4,bar5,bar6,bar7
sword_95,my sword of amazeballs,dtype_95,100,1.3,bar0,bar1,bar2,bar3,bar4,bar5,bar6,bar7
sword_96,my sword of amazeballs,dtype_96,100,1.3,bar0,bar1,bar2,bar3,bar4,bar5,bar6,bar7
sword_97,my sword of amazeballs,dtype_97,100,1.3,bar0,bar1,bar2,bar3,bar4,bar5,bar6,bar7
sword_98,my sword of amazeballs,dtype_98,100,1.3,bar0,bar1,bar2,bar3,bar4,bar5,bar6,bar7
sword_99,my sword of amazeballs,dtype_99,100,1.3,bar0,bar1,bar2,bar3,bar4,bar5,bar6,bar7
sword_100,my sword of amazeballs,dtype_100,100,1.3,bar0,bar1,bar2,bar3,bar4,bar5,bar6,bar7
sword_101,my sword of amazeballs,dtype_101,100,1.3,bar0,bar1,bar2,bar3,bar4,bar5,bar6,bar7
sword_102,my sword of amazeballs,dtype_102,100,1.3,bar0,bar1,bar2,bar3,bar4,bar5,bar6,bar7
sword_103,my sword of amazeballs,dtype_103,100,1.3,bar0,bar1,bar2,bar3,bar4,bar5,bar6,bar7
sword_104,my sword of amazeballs,dtype_104,100,1.3,bar0,bar1,bar2,bar3,bar4,bar5,bar6,bar7
sword_105,my sword of amazeballs,dtype_105,100,1.3,bar0,bar1,bar2,bar3,bar4,bar5,bar6,bar7
sword_106,my sword of amazeballs,dtype_106,100,1.3,bar0,bar1,bar2,bar3,bar4,bar5,bar6,bar7
sword_107,my sword of amazeballs,dtype_107,100,1.3,bar0,bar1,bar2,bar3,bar4,bar5,bar6,bar7
sword_108,my sword of amazeballs,dtype_108,100,1.3,bar0,bar1,bar2,bar3,bar4,bar5,bar6,bar7
sword_109,my sword of amazeballs,dtype_109,100,1.3,bar0,bar1,bar2,bar3,bar4,bar5,bar6,bar7
sword_110,my sword of amazeballs,dtype_110,100,1.3,bar0,bar1,bar2,bar3,bar4,bar5,bar6,bar7
sword_111,my sword of amazeballs,dtype_111,100,1.3,bar0,bar1,bar2,bar3,bar4,bar5,bar6,bar7
sword_112,my sword of amazeballs,dtype_112,100,1.3,bar0,bar1,bar2,bar3,bar4,bar5,bar6,bar7
sword_113,my sword of amazeballs,dtype_113,100,1.3,bar0,bar1,bar2,bar3,bar4,bar5,bar6,bar7
sword_114,my sword of amazeballs,dtype_114,100,1.3,bar0,bar1,bar2,bar3,bar4,bar5,bar6,bar7
sword_115,my sword of amazeballs,dtype_115,100,1.3,bar0,bar1,bar2,bar3,bar4,bar5,bar6,bar7
sword_116,my sword of amazeballs,dtype_116,100,1.3,bar0,bar1,bar2,bar3,bar4,bar5,bar6,bar7
sword_117,my sword of amazeballs,dtype_117,100,1.3,bar0,bar1,bar2,bar3,bar4,bar5,bar6,bar7
sword_118,my sword of amazeballs,dtype_118,100,1.3,bar0,bar1,bar2,bar3,bar4,bar5,bar6,bar7
sword_119,my sword of amazeballs,dtype_119,100,1.3,bar0,bar1,bar2,bar3,bar4,bar5,bar6,bar7
sword_120,my sword of amazeballs,dtype_120,100,1.3,bar0,bar1,bar2,bar3,bar4,bar5,bar6,bar7
sword_121,my sword of amazeballs,dtype_121,100,1.3,bar0,bar1,bar2,bar3,bar4,bar5,bar6,bar7
sword_122,my sword of amazeballs,dtype_122,100,1.3,bar0,bar1,bar2,bar3,bar4,bar5,bar6,bar7
sword_123,my sword of amazeballs,dtype_123,100,1.3,bar0,bar1,bar2,bar3,bar4,bar5,bar6,bar7
sword_124,my sword of amazeballs,dtype_124,100,1.3,bar0,bar1,bar2,bar3,bar4,bar5,bar6,bar7
sword_125,my sword of amazeballs,dtype_125,100,1.3,bar0,bar1,bar2,bar3,bar4,bar5,bar6,bar7
sword_126,my sword of amazeballs,dtype_126,100,1.3,bar0,bar1,bar2,bar3,bar4,bar5,bar6,bar7
sword_127,my sword of amazeballs,dtype_127,100,1.3,bar0,bar1,bar2,bar3,bar4,bar5,bar6,bar7
sword_128,my sword of amazeballs,dtype_128,100,1.3,bar0,bar1,bar2,bar3,bar4,bar5,bar6,bar7
sword_129,my sword of amazeballs,dtype_129,100,1.3,bar0,bar1,bar2,bar3,bar4,bar5,bar6,bar7
sword_130,my sword of amazeballs,dtype_130,100,1.3,bar0,bar1,bar2,bar3,bar4,bar5,bar6,bar7
sword_131,my sword of amazeballs,dtype_131,100,1.3,bar0,bar1,bar2,bar3,bar4,bar5,bar6,bar7
sword_132,my sword of amazeballs,dtype_132,100,1.3,bar0,bar1,bar2,bar3,bar4,bar5,bar6,bar7
sword_133,my sword of amazeballs,dtype_133,100,1.3,bar0,bar1,bar2,bar3,bar4,bar5,bar6,bar7
sword_134,my sword of amazeballs,dtype_134,100,1.3,bar0,bar1,bar2,bar3,bar4,bar5,bar6,bar7
sword_135,my sword of amazeballs,dtype_135,100,1.3,bar0,bar1,bar2,bar3,bar4,bar5,bar6,bar7
sword_136,my sword of amazeballs,dtype_136,100,1.3,bar0,bar1,bar2,bar3,bar4,bar5,bar6,bar7
sword_137,my sword of amazeballs,dtype_137,100,1.3,bar0,bar1,bar2,bar3,bar4,bar5,bar6,bar7
sword_138,my sword of amazeballs,dtype_138,100,1.3,bar0,bar1,bar2,bar3,bar4,bar5,bar6,bar7
sword_139,my sword of amazeballs,dtype_139,100,1.3,bar0,bar1,bar2,bar3,bar4,bar5,bar6,bar7
sword_140,my sword of amazeballs,dtype_140,100,1.3,bar0,bar1,bar2,bar3,bar4,bar5,bar6,bar7
sword_141,my sword of amazeballs,dtype_141,100,1.3,bar0,bar1,bar2,bar3,bar4,bar5,bar6,bar7
sword_142,my sword of amazeballs,dtype_142,100,1.3,bar0,bar1,bar2,bar3,bar4,bar5,bar6,bar7
sword_143,my sword of amazeballs,dtype_143,100,1.3,bar0,bar1,bar2,bar3,bar4,bar5,bar6,bar7
sword_144,my sword of amazeballs,dtype_144,100,1.3,bar0,bar1,bar2,bar3,bar4,bar5,bar6,bar7
sword_145,my sword of amazeballs,dtype_145,100,1.3,bar0,bar1,bar2,bar3,bar4,bar5,bar6,bar7
sword_146,my sword of amazeballs,dtype_146,100,1.3,bar0,bar1,bar2,bar3,bar4,bar5,bar6,bar7
sword_147,my sword of amazeballs,dtype_147,100,1.3,bar0,bar1,bar2,bar3,bar4,bar5,bar6,bar7
sword_148,my sword of amazeballs,dtype_148,100,1.3,bar0,bar1,bar2,bar3,bar4,bar5,bar6,bar7
sword_149,my sword of amazeballs,dtype_149,100,1.3,bar0,bar1,bar2,bar3,bar4,bar5,bar6,bar7
sword_150,my sword of amazeballs,dtype_150,100,1.3,bar0,bar1,bar2,bar3,bar4,bar5,bar6,bar7
sword_151,my sword of amazeballs,dtype_151,100,1.3,bar0,bar1,bar2,bar3,bar4,bar5,bar6,bar7
sword_152,my sword of amazeballs,dtype_152,100,1.3,bar0,bar1,bar2,bar3,bar4,bar5,bar6,bar7
sword_153,my sword of amazeballs,dtype_153,100,1.3,bar0,bar1,bar2,bar3,bar4,bar5,bar6,bar7
sword_154,my sword of amazeballs,dtype_154,100,1.3,bar0,bar1,bar2,bar3,bar4,bar5,bar6,bar7
sword_155,my sword of amazeballs,dtype_155,100,1.3,bar0,bar1,bar2,bar3,bar4,bar5,bar6,bar7
sword_156,my sword of amazeballs,dtype_156,100,1.3,bar0,bar1,bar2,bar3,bar4,bar5,bar6,bar7
sword_157,my sword of amazeballs,dtype_157,100,1.3,bar0,bar1,bar2,bar3,bar4,bar5,bar6,bar7
sword_158,my sword of amazeballs,dtype_158,100,1.3,bar0,bar1,bar2,bar3,bar4,bar5,bar6,bar7
sword_159,my sword of amazeballs,dtype_159,100,1.3,bar0,bar1,bar2,bar3,bar4,bar5,bar6,bar7
sword_160,my sword of amazeballs,dtype_160,100,1.3,bar0,bar1,bar2,bar3,bar4,bar5,bar6,bar7
sword_161,my sword of amazeballs,dtype_161,100,1.3,bar0,bar1,bar2,bar3,bar4,bar5,bar6,bar7
sword_162,my sword of amazeballs,dtype_162,100,1.3,bar0,bar1,bar2,bar3,bar4,bar5,bar6,bar7
sword_163,my sword of amazeballs,dtype_163,100,1.3,bar0,bar1,bar2,bar3,bar4,bar5,bar6,bar7
sword_164,my sword of amazeballs,dtype_164,100,1.3,bar0,bar1,bar2,bar3,bar4,bar5,bar6,bar7
sword_165,my sword of amazeballs,dtype_165,100,1.3,bar0,bar1,bar2,bar3,bar4,bar5,bar6,bar7
sword_166,my sword of amazeballs,dtype_166,100,1.3,bar0,bar1,bar2,bar3,bar4,bar5,bar6,bar7
sword_167,my sword of amazeballs,dtype_167,100,1.3,bar0,bar1,bar2,bar3,bar4,bar5,bar6,bar7
sword_168,my sword of amazeballs,dtype_168,100,1.3,bar0,bar1,bar2,bar3,bar4,bar5,bar6,bar7
sword_169,my sword of amazeballs,dtype_169,100,1.3,bar0,bar1,bar2,bar3,bar4,bar5,bar6,bar7
sword_170,my sword of amazeballs,dtype_170,100,1.3,bar0,bar1,bar2,bar3,bar4,bar5,bar6,bar7
sword_171,my sword of amazeballs,dtype_171,100,1.3,bar0,bar1,bar2,bar3,bar4,bar5,bar6,bar7
sword_172,my sword of amazeballs,dtype_172,100,1.3,bar0,bar1,bar2,bar3,bar4,bar5,bar6,bar7
sword_173,my sword of amazeballs,dtype_173,100,1.3,bar0,bar1,bar2,bar3,bar4,bar5,bar6,bar7
sword_174,my sword of amazeballs,dtype_174,100,1.3,bar0,bar1,bar2,bar3,bar4,bar5,bar6,bar7
sword_175,my sword of amazeballs,dtype_175,100,1.3,bar0,bar1,bar2,bar3,bar4,bar5,bar6,bar7
sword_176,my sword of amazeballs,dtype_176,100,1.3,bar0,bar1,bar2,bar3,bar4,bar5,bar6,bar7
sword_177,my sword of amazeballs,dtype_177,100,1.3,bar0,bar1,bar2,bar3,bar4,bar5,bar6,bar7
sword_178,my sword of amazeballs,dtype_178,100,1.3,bar0,bar1,bar2,bar3,bar4,bar5,bar6,bar7
sword_179,my sword of amazeballs,dtype_179,100,1.3,bar0,bar1,bar2,bar3,bar4,bar5,bar6,bar7
sword_180,my sword of amazeballs,dtype_180,100,1.3,bar0,bar1,bar2,bar3,bar4,bar5,bar6,bar7
sword_181,my sword of amazeballs,dtype_181,100,1.3,bar0,bar1,bar2,bar3,bar4,bar5,bar6,bar7
sword_182,my sword of amazeballs,dtype_182,100,1.3,bar0,bar1,bar2,bar3,bar4,bar5,bar6,bar7
sword_183,my sword of amazeballs,dtype_183,100,1.3,bar0,bar1,bar2,bar3,bar4,bar5,bar6,bar7
sword_184,my sword of amazeballs,dtype_184,100,1.3,bar0,bar1,bar2,bar3,bar4,bar5,bar6,bar7
sword_185,my sword of amazeballs,dtype_185,100,1.3,bar0,bar1,bar2,bar3,bar4,bar5,bar6,bar7
sword_186,my sword of amazeballs,dtype_186,100,1.3,bar0,bar1,bar2,bar3,bar4,bar5,bar6,bar7
sword_187,my sword of amazeballs,dtype_187,100,1.3,bar0,bar1,bar2,bar3,bar4,bar5,bar6,bar7
sword_188,my sword of amazeballs,dtype_188,100,1.3,bar0,bar1,bar2,bar3,bar4,bar5,bar6,bar7
sword_189,my sword of amazeballs,dtype_189,100,1.3,bar0,bar1,bar2,bar3,bar4,bar5,bar6,bar7
sword_190,my sword of amazeballs,dtype_190,100,1.3,bar0,bar1,bar2,bar3,bar4,bar5,bar6,bar7
sword_191,my sword of amazeballs,dtype_191,100,1.3,bar0,bar1,bar2,bar3,bar4,bar5,bar6,bar7
sword_192,my sword of amazeballs,dtype_192,100,1.3,bar0,bar1,bar2,bar3,bar4,bar5,bar6,bar7
sword_193,my sword of amazeballs,dtype_193,100,1.3,bar0,bar1,bar2,bar3,bar4,bar5,bar6,bar7
sword_194,my sword of amazeballs,dtype_194,100,1.3,bar0,bar1,bar2,bar3,bar4,bar5,bar6,bar7
sword_195,my sword of amazeballs,dtype_195,100,1.3,bar0,bar1,bar2,bar3,bar4,bar5,bar6,bar7
sword_196,my sword of amazeballs,dtype_196,100,1.3,bar0,bar1,bar2,bar3,bar4,bar5,bar6,bar7
sword_197,my sword of amazeballs,dtype_197,100,1.3,bar0,bar1,bar2,bar3,bar4,bar5,bar6,bar7
sword_198,my sword of amazeballs,dtype_198,100,1.3,bar0,bar1,bar2,bar3,bar4,bar5,bar6,bar7
sword_199,my sword of amazeballs,dtype_199,100,1.3,bar0,bar1,bar2,bar3,bar4,bar5,bar6,bar7
sword_200,my sword of amazeballs,dtype_200,100,1.3,bar0,bar1,bar2,bar3,bar4,bar5,bar6,bar7
sword_201,my sword of amazeballs,dtype_201,100,1.3,bar0,bar1,bar2,bar3,bar4,bar5,bar6,bar7
sword_202,my sword of amazeballs,dtype_202,100,1.3,bar0,bar1,bar2,bar3,bar4,bar5,bar6,bar7
sword_203,my sword of amazeballs,dtype_203,100,1.3,bar0,bar1,bar2,bar3,bar4,bar5,bar6,bar7
sword_204,my sword of amazeballs,dtype_204,100,1.3,bar0,bar1,bar2,bar3,bar4,bar5,bar6,bar7
sword_205,my sword of amazeballs,dtype_205,100,1.3,bar0,bar1,bar2,bar3,bar4,bar5,bar6,bar7
sword_206,my sword of amazeballs,dtype_206,100,1.3,bar0,bar1,bar2,bar3,bar4,bar5,bar6,bar7
sword_207,my sword of amazeballs,dtype_207,100,1.3,bar0,bar1,bar2,bar3,bar4,bar5,bar6,bar7
sword_208,my sword of amazeballs,dtype_208,100,1.3,bar0,bar1,bar2,bar3,bar4,bar5,bar6,bar7
sword_209,my sword of amazeballs,dtype_209,100,1.3,bar0,bar1,bar2,bar3,bar4,bar5,bar6,bar7
sword_210,my sword of amazeballs,dtype_210,100,1.3,bar0,bar1,bar2,bar3,bar4,bar5,bar6,bar7
sword_211,my sword of amazeballs,dtype_211,100,1.3,bar0,bar1,bar2,bar3,bar4,bar5,bar6,bar7
sword_212,my sword of amazeballs,dtype_212,100,1.3,bar0,bar1,bar2,bar3,bar4,bar5,bar6,bar7
sword_213,my sword of amazeballs,dtype_213,100,1.3,bar0,bar1,bar2,bar3,bar4,bar5,bar6,bar7
sword_214,my sword of amazeballs,dtype_214,100,1.3,bar0,bar1,bar2,bar3,bar4,bar5,bar6,bar7
sword_215,my sword of amazeballs,dtype_215,100,1.3,bar0,bar1,bar2,bar3,bar4,bar5,bar6,bar7
sword_216,my sword of amazeballs,dtype_216,100,1.3,bar0,bar1,bar2,bar3,bar4,bar5,bar6,bar7
sword_217,my sword of amazeballs,dtype_217,100,1.3,bar0,bar1,bar2,bar3,bar4,bar5,bar6,bar7
sword_218,my sword of amazeballs,dtype_218,100,1.3,bar0,bar1,bar2,bar3,bar4,bar5,bar6,bar7
sword_219,my sword of amazeballs,dtype_219,100,1.3,bar0,bar1,bar2,bar3,bar4,bar5,bar6,bar7
sword_220,my sword of amazeballs,dtype_220,100,1.3,bar0,bar1,bar2,bar3,bar4,bar5,bar6,bar7
sword_221,my sword of amazeballs,dtype_221,100,1.3,bar0,bar1,bar2,bar3,bar4,bar5,bar6,bar7
sword_222,my sword of amazeballs,dtype_222,100,1.3,bar0,bar1,bar2,bar3,bar4,bar5,bar6,bar7
sword_223,my sword of amazeballs,dtype_223,100,1.3,bar0,bar1,bar2,bar3,bar4,bar5,bar6,bar7
sword_224,my sword of amazeballs,dtype_224,100,1.3,bar0,bar1,bar2,bar3,bar4,bar5,bar6,bar7
sword_225,my sword of amazeballs,dtype_225,100,1.3,bar0,bar1,bar2,bar3,bar4,bar5,bar6,bar7
sword_226,my sword of amazeballs,dtype_226,100,1.3,bar0,bar1,bar2,bar3,bar4,bar5,bar6,bar7
sword_227,my sword of amazeballs,dtype_227,100,1.3,bar0,bar1,bar2,bar3,bar4,bar5,bar6,bar7
sword_228,my sword of amazeballs,dtype_228,100,1.3,bar0,bar1,bar2,bar3,bar4,bar5,bar6,bar7
sword_229,my sword of amazeballs,dtype_229,100,1.3,bar0,bar1,bar2,bar3,bar4,bar5,bar6,bar7
sword_230,my sword of amazeballs,dtype_230,100,1.3,bar0,bar1,bar2,bar3,bar4,bar5,bar6,bar7
sword_231,my sword of amazeballs,dtype_231,100,1.3,bar0,bar1,bar2,bar3,bar4,bar5,bar6,bar7
sword_232,my sword of amazeballs,dtype_232,100,1.3,bar0,bar1,bar2,bar3,bar4,bar5,bar6,bar7
sword_233,my sword of amazeballs,dtype_233,100,1.3,bar0,bar1,bar2,bar3,bar4,bar5,bar6,bar7
sword_234,my sword of amazeballs,dtype_234,100,1.3,bar0,bar1,bar2,bar3,bar4,bar5,bar6,bar7
sword_235,my sword of amazeballs,dtype_235,100,1.3,bar0,bar1,bar2,bar3,bar4,bar5,bar6,bar7
sword_236,my sword of amazeballs,dtype_236,100,1.3,bar0,bar1,bar2,bar3,bar4,bar5,bar6,bar7
sword_237,my sword of amazeballs,dtype_237,100,1.3,bar0,bar1,bar2,bar3,bar4,bar5,bar6,bar7
sword_238,my sword of amazeballs,dtype_238,100,1.3,bar0,bar1,bar2,bar3,bar4,bar5,bar6,bar7
sword_239,my sword of amazeballs,dtype_239,100,1.3,bar0,bar1,bar2,bar3,bar4,bar5,bar6,bar7
sword_240,my sword of amazeballs,dtype_240,100,1.3,bar0,bar1,bar2,bar3,bar4,bar5,bar6,bar7
sword_241,my sword of amazeballs,dtype_241,100,1.3,bar0,bar1,bar2,bar3,bar4,bar5,bar6,bar7
sword_242,my sword of amazeballs,dtype_242,100,1.3,bar0,bar1,bar2,bar3,bar4,bar5,bar6,bar7
sword_243,my sword of amazeballs,dtype_243,100,1.3,bar0,bar1,bar2,bar3,bar4,bar5,bar6,bar7
sword_244,my sword of amazeballs,dtype_244,100,1.3,bar0,bar1,bar2,bar3,bar4,bar5,bar6,bar7
sword_245,my sword of amazeballs,dtype_245,100,1.3,bar0,bar1,bar2,bar3,bar4,bar5,bar6,bar7
sword_246,my sword of amazeballs,dtype_246,100,1.3,bar0,bar1,bar2,bar3,bar4,bar5,bar6,bar7
sword_247,my sword of amazeballs,dtype_247,100,1.3,bar0,bar1,bar2,bar3,bar4,bar5,bar6,bar7
sword_248,my sword of amazeballs,dtype_248,100,1.3,bar0,bar1,bar2,bar3,bar4,bar5,bar6,bar7
sword_249,my sword of amazeballs,dtype_249,100,1.3,bar0,bar1,bar2,bar3,bar4,bar5,bar6,bar7
sword_250,my sword of amazeballs,dtype_250,100,1.3,bar0,bar1,bar2,bar3,bar4,bar5,bar6,bar7
sword_251,my sword of amazeballs,dtype_251,100,1.3,bar0,bar1,bar2,bar3,bar4,bar5,bar6,bar7
sword_252,my sword of amazeballs,dtype_252,100,1.3,bar0,bar1,bar2,bar3,bar4,bar5,bar6,bar7
sword_253,my sword of amazeballs,dtype_253,100,1.3,bar0,bar1,bar2,bar3,bar4,bar5,bar6,bar7
sword_254,my sword of amazeballs,dtype_254,100,1.3,bar0,bar1,bar2,bar3,bar4,bar5,bar6,bar7
sword_255,my sword of amazeballs,dtype_255,100,1.3,bar0,bar1,bar2,bar3,bar4,bar5,bar6,bar7
sword_256,my sword of amazeballs,dtype_256,100,1.3,bar0,bar1,bar2,bar3,bar4,bar5,bar6,bar7
sword_257,my sword of amazeballs,dtype_257,100,1.3,bar0,bar1,bar2,bar3,bar4,bar5,bar6,bar7
sword_258,my sword of amazeballs,dtype_258,100,1.3,bar0,bar1,bar2,bar3,bar4,bar5,bar6,bar7
sword_259,my sword of amazeballs,dtype_259,100,1.3,bar0,bar1,bar2,bar3,bar4,bar5,bar6,bar7
sword_260,my sword of amazeballs,dtype_260,100,1.3,bar0,bar1,bar2,bar3,bar4,bar5,bar6,bar7
sword_261,my sword of amazeballs,dtype_261,100,1.3,bar0,bar1,bar2,bar3,bar4,bar5,bar6,bar7
sword_262,my sword of amazeballs,dtype_262,100,1.3,bar0,bar1,bar2,bar3,bar4,bar5,bar6,bar7
sword_263,my sword of amazeballs,dtype_263,100,1.3,bar0,bar1,bar2,bar3,bar4,bar5,bar6,bar7
sword_264,my sword of amazeballs,dtype_264,100,1.3,bar0,bar1,bar2,bar3,bar4,bar5,bar6,bar7
sword_265,my sword of amazeballs,dtype_265,100,1.3,bar0,bar1,bar2,bar3,bar4,bar5,bar6,bar7
sword_266,my sword of amazeballs,dtype_266,100,1.3,bar0,bar1,bar2,bar3,bar4,bar5,bar6,bar7
sword_267,my sword of amazeballs,dtype_267,100,1.3,bar0,bar1,bar2,bar3,bar4,bar5,bar6,bar7
sword_268,my sword of amazeballs,dtype_268,100,1.3,bar0,bar1,bar2,bar3,bar4,bar5,bar6,bar7
sword_269,my sword of amazeballs,dtype_269,100,1.3,bar0,bar1,bar2,bar3,bar4,bar5,bar6,bar7
sword_270,my sword of amazeballs,dtype_270,100,1.3,bar0,bar1,bar2,bar3,bar4,bar5,bar6,bar7
sword_271,my sword of amazeballs,dtype_271,100,1.3,bar0,bar1,bar2,bar3,bar4,bar5,bar6,bar7
sword_272,my sword of amazeballs,dtype_272,100,1.3,bar0,bar1,bar2,bar3,bar4,bar5,bar6,bar7
sword_273,my sword of amazeballs,dtype_273,100,1.3,bar0,bar1,bar2,bar3,bar4,bar5,bar6,bar7
sword_274,my sword of amazeballs,dtype_274,100,1.3,bar0,bar1,bar2,bar3,bar4,bar5,bar6,bar7
sword_275,my sword of amazeballs,dtype_275,100,1.3,bar0,bar1,bar2,bar3,bar4,bar5,bar6,bar7
sword_276,my sword of amazeballs,dtype_276,100,1.3,bar0,bar1,bar2,bar3,bar4,bar5,bar6,bar7
sword_277,my sword of amazeballs,dtype_277,100,1.3,bar0,bar1,bar2,bar3,bar4,bar5,bar6,bar7
sword_278,my sword of amazeballs,dtype_278,100,1.3,bar0,bar1,bar2,bar3,bar4,bar5,bar6,bar7
sword_279,my sword of amazeballs,dtype_279,100,1.3,bar0,bar1,bar2,bar3,bar4,bar5,bar6,bar7
sword_280,my sword of amazeballs,dtype_280,100,1.3,bar0,bar1,bar2,bar3,bar4,bar5,bar6,bar7
sword_281,my sword of amazeballs,dtype_281,100,1.3,bar0,bar1,bar2,bar3,bar4,bar5,bar6,bar7
sword_282,my sword of amazeballs,dtype_282,100,1.3,bar0,bar1,bar2,bar3,bar4,bar5,bar6,bar7
sword_283,my sword of amazeballs,dtype_283,100,1.3,bar0,bar1,bar2,bar3,bar4,bar5,bar6,bar7
sword_284,my sword of amazeballs,dtype_284,100,1.3,bar0,bar1,bar2,bar3,bar4,bar5,bar6,bar7
sword_285,my sword of amazeballs,dtype_285,100,1.3,bar0,bar1,bar2,bar3,bar4,bar5,bar6,bar7
sword_286,my sword of amazeballs,dtype_286,100,1.3,bar0,bar1,bar2,bar3,bar4,bar5,bar6,bar7
sword_287,my sword of amazeballs,dtype_287,100,1.3,bar0,bar1,bar2,bar3,bar4,bar5,bar6,bar7
sword_288,my sword of amazeballs,dtype_288,100,1.3,bar0,bar1,bar2,bar3,bar4,bar5,bar6,bar7
sword_289,my sword of amazeballs,dtype_289,100,1.3,bar0,bar1,bar2,bar3,bar4,bar5,bar6,bar7
sword_290,my sword of amazeballs,dtype_290,100,1.3,bar0,bar1,bar2,bar3,bar4,bar5,bar6,bar7
sword_291,my sword of amazeballs,dtype_291,100,1.3,bar0,bar1,bar2,bar3,bar4,bar5,bar6,bar7
sword_292,my sword of amazeballs,dtype_292,100,1.3,bar0,bar1,bar2,bar3,bar4,bar5,bar6,bar7
sword_293,my sword of amazeballs,dtype_293,100,1.3,bar0,bar1,bar2,bar3,bar4,bar5,bar6,bar7
sword_294,my sword of amazeballs,dtype_294,100,1.3,bar0,bar1,bar2,bar3,bar4,bar5,bar6,bar7
sword_295,my sword of amazeballs,dtype_295,100,1.3,bar0,bar1,bar2,bar3,bar4,bar5,bar6,bar7
sword_296,my sword of amazeballs,dtype_296,100,1.3,bar0,bar1,bar2,bar3,bar4,bar5,bar6,bar7
sword_297,my sword of amazeballs,dtype_297,100,1.3,bar0,bar1,bar2,bar3,bar4,bar5,bar6,bar7
sword_298,my sword of amazeballs,dtype_298,100,1.3,bar0,bar1,bar2,bar3,bar4,bar5,bar6,bar7
sword_299,my sword of amazeballs,dtype_299,100,1.3,bar0,bar1,bar2,bar3,bar4,bar5,bar6,bar7
sword_300,my sword of amazeballs,dtype_300,100,1.3,bar0,bar1,bar2,bar3,bar4,bar5,bar6,bar7
sword_301,my sword of amazeballs,dtype_301,100,1.3,bar0,bar1,bar2,bar3,bar4,bar5,bar6,bar7
sword_302,my sword of amazeballs,dtype_302,100,1.3,bar0,bar1,bar2,bar3,bar4,bar5,bar6,bar7
sword_303,my sword of amazeballs,dtype_303,100,1.3,bar0,bar1,bar2,bar3,bar4,bar5,bar6,bar7
sword_304,my sword of amazeballs,dtype_304,100,1.3,bar0,bar1,bar2,bar3,bar4,bar5,bar6,bar7
sword_305,my sword of amazeballs,dtype_305,100,1.3,bar0,bar1,bar2,bar3,bar4,bar5,bar6,bar7
sword_306,my sword of amazeballs,dtype_306,100,1.3,bar0,bar1,bar2,bar3,bar4,bar5,bar6,bar7
sword_307,my sword of amazeballs,dtype_307,100,1.3,bar0,bar1,bar2,bar3,bar4,bar5,bar6,bar7
sword_308,my sword of amazeballs,dtype_308,100,1.3,bar0,bar1,bar2,bar3,bar4,bar5,bar6,bar7
sword_309,my sword of amazeballs,dtype_309,100,1.3,bar0,bar1,bar2,bar3,bar4,bar5,bar6,bar7
sword_310,my sword of amazeballs,dtype_310,100,1.3,bar0,bar1,bar2,bar3,bar4,bar5,bar6,bar7
sword_311,my sword of amazeballs,dtype_311,100,1.3,bar0,bar1,bar2,bar3,bar4,bar5,bar6,bar7
sword_312,my sword of amazeballs,dtype_312,100,1.3,bar0,bar1,bar2,bar3,bar4,bar5,bar6,bar7
sword_313,my sword of amazeballs,dtype_313,100,1.3,bar0,bar1,bar2,bar3,bar4,bar5,bar6,bar7
sword_314,my sword of amazeballs,dtype_314,100,1.3,bar0,bar1,bar2,bar3,bar4,bar5,bar6,bar7
sword_315,my sword of amazeballs,dtype_315,100,1.3,bar0,bar1,bar2,bar3,bar4,bar5,bar6,bar7
sword_316,my sword of amazeballs,dtype_316,100,1.3,bar0,bar1,bar2,bar3,bar4,bar5,bar6,bar7
sword_317,my sword of amazeballs,dtype_317,100,1.3,bar0,bar1,bar2,bar3,bar4,bar5,bar6,bar7
sword_318,my sword of amazeballs,dtype_318,100,1.3,bar0,bar1,bar2,bar3,bar4,bar5,bar6,bar7
sword_319,my sword of amazeballs,dtype_319,100,1.3,bar0,bar1,bar2,bar3,bar4,bar5,bar6,bar7
sword_320,my sword of amazeballs,dtype_320,100,1.3,bar0,bar1,bar2,bar3,bar4,bar5,bar6,bar7
sword_321,my sword of amazeballs,dtype_321,100,1.3,bar0,bar1,bar2,bar3,bar4,bar5,bar6,bar7
sword_322,my sword of amazeballs,dtype_322,100,1.3,bar0,bar1,bar2,bar3,bar4,bar5,bar6,bar7
sword_323,my sword of amazeballs,dtype_323,100,1.3,bar0,bar1,bar2,bar3,bar4,bar5,bar6,bar7
sword_324,my sword of amazeballs,dtype_324,100,1.3,bar0,bar1,bar2,bar3,bar4,bar5,bar6,bar7
sword_325,my sword of amazeballs,dtype_325,100,1.3,bar0,bar1,bar2,bar3,bar4,bar5,bar6,bar7
sword_326,my sword of amazeballs,dtype_326,100,1.3,bar0,bar1,bar2,bar3,bar4,bar5,bar6,bar7
sword_327,my sword of amazeballs,dtype_327,100,1.3,bar0,bar1,bar2,bar3,bar4,bar5,bar6,bar7
sword_328,my sword of amazeballs,dtype_328,100,1.3,bar0,bar1,bar2,bar3,bar4,bar5,bar6,bar7
sword_329,my sword of amazeballs,dtype_329,100,1.3,bar0,bar1,bar2,bar3,bar4,bar5,bar6,bar7
sword_330,my sword of amazeballs,dtype_330,100,1.3,bar0,bar1,bar2,bar3,bar4,bar5,bar6,bar7
sword_331,my sword of amazeballs,dtype_331,100,1.3,bar0,bar1,bar2,bar3,bar4,bar5,bar6,bar7
sword_332,my sword of amazeballs,dtype_332,100,1.3,bar0,bar1,bar2,bar3,bar4,bar5,bar6,bar7
sword_333,my sword of amazeballs,dtype_333,100,1.3,bar0,bar1,bar2,bar3,bar4,bar5,bar6,bar7
sword_334,my sword of amazeballs,dtype_334,100,1.3,bar0,bar1,bar2,bar3,bar4,bar5,bar6,bar7
sword_335,my sword of amazeballs,dtype_335,100,1.3,bar0,bar1,bar2,bar3,bar4,bar5,bar6,bar7
sword_336,my sword of amazeballs,dtype_336,100,1.3,bar0,bar1,bar2,bar3,bar4,bar5,bar6,bar7
sword_337,my sword of amazeballs,dtype_337,100,1.3,bar0,bar1,bar2,bar3,bar4,bar5,bar6,bar7
sword_338,my sword of amazeballs,dtype_338,100,1.3,bar0,bar1,bar2,bar3,bar4,bar5,bar6,bar7
sword_339,my sword of amazeballs,dtype_339,100,1.3,bar0,bar1,bar2,bar3,bar4,bar5,bar6,bar7
sword_340,my sword of amazeballs,dtype_340,100,1.3,bar0,bar1,bar2,bar3,bar4,bar5,bar6,bar7
sword_341,my sword of amazeballs,dtype_341,100,1.3,bar0,bar1,bar2,bar3,bar4,bar5,bar6,bar7
sword_342,my sword of amazeballs,dtype_342,100,1.3,bar0,bar1,bar2,bar3,bar4,bar5,bar6,bar7
sword_343,my sword of amazeballs,dtype_343,100,1.3,bar0,bar1,bar2,bar3,bar4,bar5,bar6,bar7
sword_344,my sword of amazeballs,dtype_344,100,1.3,bar0,bar1,bar2,bar3,bar4,bar5,bar6,bar7
sword_345,my sword of amazeballs,dtype_345,100,1.3,bar0,bar1,bar2,bar3,bar4,bar5,bar6,bar7
sword_346,my sword of amazeballs,dtype_346,100,1.3,bar0,bar1,bar2,bar3,bar4,bar5,bar6,bar7
sword_347,my sword of amazeballs,dtype_347,100,1.3,bar0,bar1,bar2,bar3,bar4,bar5,bar6,bar7
sword_348,my sword of amazeballs,dtype_348,100,1.3,bar0,bar1,bar2,bar3,bar4,bar5,bar6,bar7
sword_349,my sword of amazeballs,dtype_349,100,1.3,bar0,bar1,bar2,bar3,bar4,bar5,bar6,bar7
sword_350,my sword of amazeballs,dtype_350,100,1.3,bar0,bar1,bar2,bar3,bar4,bar5,bar6,bar7
sword_351,my sword of amazeballs,dtype_351,100,1.3,bar0,bar1,bar2,bar3,bar4,bar5,bar6,bar7
sword_352,my sword of amazeballs,dtype_352,100,1.3,bar0,bar1,bar2,bar3,bar4,bar5,bar6,bar7
sword_353,my sword of amazeballs,dtype_353,100,1.3,bar0,bar1,bar2,bar3,bar4,bar5,bar6,bar7
sword_354,my sword of amazeballs,dtype_354,100,1.3,bar0,bar1,bar2,bar3,bar4,bar5,bar6,bar7
sword_355,my sword of amazeballs,dtype_355,100,1.3,bar0,bar1,bar2,bar3,bar4,bar5,bar6,bar7
sword_356,my sword of amazeballs,dtype_356,100,1.3,bar0,bar1,bar2,bar3,bar4,bar5,bar6,bar7
sword_357,my sword of amazeballs,dtype_357,100,1.3,bar0,bar1,bar2,bar3,bar4,bar5,bar6,bar7
sword_358,my sword of amazeballs,dtype_358,100,1.3,bar0,bar1,bar2,bar3,bar4,bar5,bar6,bar7
sword_359,my sword of amazeballs,dtype_359,100,1.3,bar0,bar1,bar2,bar3,bar4,bar5,bar6,bar7
sword_360,my sword of amazeballs,dtype_360,100,1.3,bar0,bar1,bar2,bar3,bar4,bar5,bar6,bar7
sword_361,my sword of amazeballs,dtype_361,100,1.3,bar0,bar1,bar2,bar3,bar4,bar5,bar6,bar7
sword_362,my sword of amazeballs,dtype_362,100,1.3,bar0,bar1,bar2,bar3,bar4,bar5,bar6,bar7
sword_363,my sword of amazeballs,dtype_363,100,1.3,bar0,bar1,bar2,bar3,bar4,bar5,bar6,bar7
sword_364,my sword of amazeballs,dtype_364,100,1.3,bar0,bar1,bar2,bar3,bar4,bar5,bar6,bar7
sword_365,my sword of amazeballs,dtype_365,100,1.3,bar0,bar1,bar2,bar3,bar4,bar5,bar6,bar7
sword_366,my sword of amazeballs,dtype_366,100,1.3,bar0,bar1,bar2,bar3,bar4,bar5,bar6,bar7
sword_367,my sword of amazeballs,dtype_367,100,1.3,bar0,bar1,bar2,bar3,bar4,bar5,bar6,bar7
sword_368,my sword of amazeballs,dtype_368,100,1.3,bar0,bar1,bar2,bar3,bar4,bar5,bar6,bar7
sword_369,my sword of amazeballs,dtype_369,100,1.3,bar0,bar1,bar2,bar3,bar4,bar5,bar6,bar7
sword_370,my sword of amazeballs,dtype_370,100,1.3,bar0,bar1,bar2,bar3,bar4,bar5,bar6,bar7
sword_371,my sword of amazeballs,dtype_371,100,1.3,bar0,bar1,bar2,bar3,bar4,bar5,bar6,bar7
sword_372,my sword of amazeballs,dtype_372,100,1.3,bar0,bar1,bar2,bar3,bar4,bar5,bar6,bar7
sword_373,my sword of amazeballs,dtype_373,100,1.3,bar0,bar1,bar2,bar3,bar4,bar5,bar6,bar7
sword_374,my sword of amazeballs,dtype_374,100,1.3,bar0,bar1,bar2,bar3,bar4,bar5,bar6,bar7
sword_375,my sword of amazeballs,dtype_375,100,1.3,bar0,bar1,bar2,bar3,bar4,bar5,bar6,bar7
sword_376,my sword of amazeballs,dtype_376,100,1.3,bar0,bar1,bar2,bar3,bar4,bar5,bar6,bar7
sword_377,my sword of amazeballs,dtype_377,100,1.3,bar0,bar1,bar2,bar3,bar4,bar5,bar6,bar7
sword_378,my sword of amazeballs,dtype_378,100,1.3,bar0,bar1,bar2,bar3,bar4,bar5,bar6,bar7
sword_379,my sword of amazeballs,dtype_379,100,1.3,bar0,bar1,bar2,bar3,bar4,bar5,bar6,bar7
sword_380,my sword of amazeballs,dtype_380,100,1.3,bar0,bar1,bar2,bar3,bar4,bar5,bar6,bar7
sword_381,my sword of amazeballs,dtype_381,100,1.3,bar0,bar1,bar2,bar3,bar4,bar5,bar6,bar7
sword_382,my sword of amazeballs,dtype_382,100,1.3,bar0,bar1,bar2,bar3,bar4,bar5,bar6,bar7
sword_383,my sword of amazeballs,dtype_383,100,1.3,bar0,bar1,bar2,bar3,bar4,bar5,bar6,bar7
sword_384,my sword of amazeballs,dtype_384,100,1.3,bar0,bar1,bar2,bar3,bar4,bar5,bar6,bar7
sword_385,my sword of amazeballs,dtype_385,100,1.3,bar0,bar1,bar2,bar3,bar4,bar5,bar6,bar7
sword_386,my sword of amazeballs,dtype_386,100,1.3,bar0,bar1,bar2,bar3,bar4,bar5,bar6,bar7
sword_387,my sword of amazeballs,dtype_387,100,1.3,bar0,bar1,bar2,bar3,bar4,bar5,bar6,bar7
sword_388,my sword of amazeballs,dtype_388,100,1.3,bar0,bar1,bar2,bar3,bar4,bar5,bar6,bar7
sword_389,my sword of amazeballs,dtype_389,100,1.3,bar0,bar1,bar2,bar3,bar4,bar5,bar6,bar7
sword_390,my sword of amazeballs,dtype_390,100,1.3,bar0,bar1,bar2,bar3,bar4,bar5,bar6,bar7
sword_391,my sword of amazeballs,dtype_391,100,1.3,bar0,bar1,bar2,bar3,bar4,bar5,bar6,bar7
sword_392,my sword of amazeballs,dtype_392,100,1.3,bar0,bar1,bar2,bar3,bar4,bar5,bar6,bar7
sword_393,my sword of amazeballs,dtype_393,100,1.3,bar0,bar1,bar2,bar3,bar4,bar5,bar6,bar7
sword_394,my sword of amazeballs,dtype_394,100,1.3,bar0,bar1,bar2,bar3,bar4,bar5,bar6,bar7
sword_395,my sword of amazeballs,dtype_395,100,1.3,bar0,bar1,bar2,bar3,bar4,bar5,bar6,bar7
sword_396,my sword of amazeballs,dtype_396,100,1.3,bar0,bar1,bar2,bar3,bar4,bar5,bar6,bar7
sword_397,my sword of amazeballs,dtype_397,100,1.3,bar0,bar1,bar2,bar3,bar4,bar5,bar6,bar7
sword_398,my sword of amazeballs,dtype_398,100,1.3,bar0,bar1,bar2,bar3,bar4,bar5,bar6,bar7
sword_399,my sword of amazeballs,dtype_399,100,1.3,bar0,bar1,bar2,bar3,bar4,bar5,bar6,bar7
sword_400,my sword of amazeballs,dtype_400,100,1.3,bar0,bar1,bar2,bar3,bar4,bar5,bar6,bar7
sword_401,my sword of amazeballs,dtype_401,100,1.3,bar0,bar1,bar2,bar3,bar4,bar5,bar6,bar7
sword_402,my sword of amazeballs,dtype_402,100,1.3,bar0,bar1,bar2,bar3,bar4,bar5,bar6,bar7
sword_403,my sword of amazeballs,dtype_403,100,1.3,bar0,bar1,bar2,bar3,bar4,bar5,bar6,bar7
sword_404,my sword of amazeballs,dtype_404,100,1.3,bar0,bar1,bar2,bar3,bar4,bar5,bar6,bar7
sword_405,my sword of amazeballs,dtype_405,100,1.3,bar0,bar1,bar2,bar3,bar4,bar5,bar6,bar7
sword_406,my sword of amazeballs,dtype_406,100,1.3,bar0,bar1,bar2,bar3,bar4,bar5,bar6,bar7
sword_407,my sword of amazeballs,dtype_407,100,1.3,bar0,bar1,bar2,bar3,bar4,bar5,bar6,bar7
sword_408,my sword of amazeballs,dtype_408,100,1.3,bar0,bar1,bar2,bar3,bar4,bar5,bar6,bar7
sword_409,my sword of amazeballs,dtype_409,100,1.3,bar0,bar1,bar2,bar3,bar4,bar5,bar6,bar7
sword_410,my sword of amazeballs,dtype_410,100,1.3,bar0,bar1,bar2,bar3,bar4,bar5,bar6,bar7
sword_411,my sword of amazeballs,dtype_411,100,1.3,bar0,bar1,bar2,bar3,bar4,bar5,bar6,bar7
sword_412,my sword of amazeballs,dtype_412,100,1.3,bar0,bar1,bar2,bar3,bar4,bar5,bar6,bar7
sword_413,my sword of amazeballs,dtype_413,100,1.3,bar0,bar1,bar2,bar3,bar4,bar5,bar6,bar7
sword_414,my sword of amazeballs,dtype_414,100,1.3,bar0,bar1,bar2,bar3,bar4,bar5,bar6,bar7
sword_415,my sword of amazeballs,dtype_415,100,1.3,bar0,bar1,bar2,bar3,bar4,bar5,bar6,bar7
sword_416,my sword of amazeballs,dtype_416,100,1.3,bar0,bar1,bar2,bar3,bar4,bar5,bar6,bar7
sword_417,my sword of amazeballs,dtype_417,100,1.3,bar0,bar1,bar2,bar3,bar4,bar5,bar6,bar7
sword_418,my sword of amazeballs,dtype_418,100,1.3,bar0,bar1,bar2,bar3,bar4,bar5,bar6,bar7
sword_419,my sword of amazeballs,dtype_419,100,1.3,bar0,bar1,bar2,bar3,bar4,bar5,bar6,bar7
sword_420,my sword of amazeballs,dtype_420,100,1.3,bar0,bar1,bar2,bar3,bar4,bar5,bar6,bar7
sword_421,my sword of amazeballs,dtype_421,100,1.3,bar0,bar1,bar2,bar3,bar4,bar5,bar6,bar7
sword_422,my sword of amazeballs,dtype_422,100,1.3,bar0,bar1,bar2,bar3,bar4,bar5,bar6,bar7
sword_423,my sword of amazeballs,dtype_423,100,1.3,bar0,bar1,bar2,bar3,bar4,bar5,bar6,bar7
sword_424,my sword of amazeballs,dtype_424,100,1.3,bar0,bar1,bar2,bar3,bar4,bar5,bar6,bar7
sword_425,my sword of amazeballs,dtype_425,100,1.3,bar0,bar1,bar2,bar3,bar4,bar5,bar6,bar7
sword_426,my sword of amazeballs,dtype_426,100,1.3,bar0,bar1,bar2,bar3,bar4,bar5,bar6,bar7
sword_427,my sword of amazeballs,dtype_427,100,1.3,bar0,bar1,bar2,bar3,bar4,bar5,bar6,bar7
sword_428,my sword of amazeballs,dtype_428,100,1.3,bar0,bar1,bar2,bar3,bar4,bar5,bar6,bar7
sword_429,my sword of amazeballs,dtype_429,100,1.3,bar0,bar1,bar2,bar3,bar4,bar5,bar6,bar7
sword_430,my sword of amazeballs,dtype_430,100,1.3,bar0,bar1,bar2,bar3,bar4,bar5,bar6,bar7
sword_431,my sword of amazeballs,dtype_431,100,1.3,bar0,bar1,bar2,bar3,bar4,bar5,bar6,bar7
sword_432,my sword of amazeballs,dtype_432,100,1.3,bar0,bar1,bar2,bar3,bar4,bar5,bar6,bar7
sword_433,my sword of amazeballs,dtype_433,100,1.3,bar0,bar1,bar2,bar3,bar4,bar5,bar6,bar7
sword_434,my sword of amazeballs,dtype_434,100,1.3,bar0,bar1,bar2,bar3,bar4,bar5,bar6,bar7
sword_435,my sword of amazeballs,dtype_435,100,1.3,bar0,bar1,bar2,bar3,bar4,bar5,bar6,bar7
sword_436,my sword of amazeballs,dtype_436,100,1.3,bar0,bar1,bar2,bar3,bar4,bar5,bar6,bar7
sword_437,my sword of amazeballs,dtype_437,100,1.3,bar0,bar1,bar2,bar3,bar4,bar5,bar6,bar7
sword_438,my sword of amazeballs,dtype_438,100,1.3,bar0,bar1,bar2,bar3,bar4,bar5,bar6,bar7
sword_439,my sword of amazeballs,dtype_439,100,1.3,bar0,bar1,bar2,bar3,bar4,bar5,bar6,bar7
sword_440,my sword of amazeballs,dtype_440,100,1.3,bar0,bar1,bar2,bar3,bar4,bar5,bar6,bar7
sword_441,my sword of amazeballs,dtype_441,100,1.3,bar0,bar1,bar2,bar3,bar4,bar5,bar6,bar7
sword_442,my sword of amazeballs,dtype_442,100,1.3,bar0,bar1,bar2,bar3,bar4,bar5,bar6,bar7
sword_443,my sword of amazeballs,dtype_443,100,1.3,bar0,bar1,bar2,bar3,bar4,bar5,bar6,bar7
sword_444,my sword of amazeballs,dtype_444,100,1.3,bar0,bar1,bar2,bar3,bar4,bar5,bar6,bar7
sword_445,my sword of amazeballs,dtype_445,100,1.3,bar0,bar1,bar2,bar3,bar4,bar5,bar6,bar7
sword_446,my sword of amazeballs,dtype_446,100,1.3,bar0,bar1,bar2,bar3,bar4,bar5,bar6,bar7
sword_447,my sword of amazeballs,dtype_447,100,1.3,bar0,bar1,bar2,bar3,bar4,bar5,bar6,bar7
sword_448,my sword of amazeballs,dtype_448,100,1.3,bar0,bar1,bar2,bar3,bar4,bar5,bar6,bar7
sword_449,my sword of amazeballs,dtype_449,100,1.3,bar0,bar1,bar2,bar3,bar4,bar5,bar6,bar7
sword_450,my sword of amazeballs,dtype_450,100,1.3,bar0,bar1,bar2,bar3,bar4,bar5,bar6,bar7
sword_451,my sword of amazeballs,dtype_451,100,1.3,bar0,bar1,bar2,bar3,bar4,bar5,bar6,bar7
sword_452,my sword of amazeballs,dtype_452,100,1.3,bar0,bar1,bar2,bar3,bar4,bar5,bar6,bar7
sword_453,my sword of amazeballs,dtype_453,100,1.3,bar0,bar1,bar2,bar3,bar4,bar5,bar6,bar7
sword_454,my sword of amazeballs,dtype_454,100,1.3,bar0,bar1,bar2,bar3,bar4,bar5,bar6,bar7
sword_455,my sword of amazeballs,dtype_455,100,1.3,bar0,bar1,bar2,bar3,bar4,bar5,bar6,bar7
sword_456,my sword of amazeballs,dtype_456,100,1.3,bar0,bar1,bar2,bar3,bar4,bar5,bar6,bar7
sword_457,my sword of amazeballs,dtype_457,100,1.3,bar0,bar1,bar2,bar3,bar4,bar5,bar6,bar7
sword_458,my sword of amazeballs,dtype_458,100,1.3,bar0,bar1,bar2,bar3,bar4,bar5,bar6,bar7
sword_459,my sword of amazeballs,dtype_459,100,1.3,bar0,bar1,bar2,bar3,bar4,bar5,bar6,bar7
sword_460,my sword of amazeballs,dtype_460,100,1.3,bar0,bar1,bar2,bar3,bar4,bar5,bar6,bar7
sword_461,my sword of amazeballs,dtype_461,100,1.3,bar0,bar1,bar2,bar3,bar4,bar5,bar6,bar7
sword_462,my sword of amazeballs,dtype_462,100,1.3,bar0,bar1,bar2,bar3,bar4,bar5,bar6,bar7
sword_463,my sword of amazeballs,dtype_463,100,1.3,bar0,bar1,bar2,bar3,bar4,bar5,bar6,bar7
sword_464,my sword of amazeballs,dtype_464,100,1.3,bar0,bar1,bar2,bar3,bar4,bar5,bar6,bar7
sword_465,my sword of amazeballs,dtype_465,100,1.3,bar0,bar1,bar2,bar3,bar4,bar5,bar6,bar7
sword_466,my sword of amazeballs,dtype_466,100,1.3,bar0,bar1,bar2,bar3,bar4,bar5,bar6,bar7
sword_467,my sword of amazeballs,dtype_467,100,1.3,bar0,bar1,bar2,bar3,bar4,bar5,bar6,bar7
sword_468,my sword of amazeballs,dtype_468,100,1.3,bar0,bar1,bar2,bar3,bar4,bar5,bar6,bar7
sword_469,my sword of amazeballs,dtype_469,100,1.3,bar0,bar1,bar2,bar3,bar4,bar5,bar6,bar7
sword_470,my sword of amazeballs,dtype_470,100,1.3,bar0,bar1,bar2,bar3,bar4,bar5,bar6,bar7
sword_471,my sword of amazeballs,dtype_471,100,1.3,bar0,bar1,bar2,bar3,bar4,bar5,bar6,bar7
sword_472,my sword of amazeballs,dtype_472,100,1.3,bar0,bar1,bar2,bar3,bar4,bar5,bar6,bar7
sword_473,my sword of amazeballs,dtype_473,100,1.3,bar0,bar1,bar2,bar3,bar4,bar5,bar6,bar7
sword_474,my sword of amazeballs,dtype_474,100,1.3,bar0,bar1,bar2,bar3,bar4,bar5,bar6,bar7
sword_475,my sword of amazeballs,dtype_475,100,1.3,bar0,bar1,bar2,bar3,bar4,bar5,bar6,bar7
sword_476,my sword of amazeballs,dtype_476,100,1.3,bar0,bar1,bar2,bar3,bar4,bar5,bar6,bar7
sword_477,my sword of amazeballs,dtype_477,100,1.3,bar0,bar1,bar2,bar3,bar4,bar5,bar6,bar7
sword_478,my sword of amazeballs,dtype_478,100,1.3,bar0,bar1,bar2,bar3,bar4,bar5,bar6,bar7
sword_479,my sword of amazeballs,dtype_479,100,1.3,bar0,bar1,bar2,bar3,bar4,bar5,bar6,bar7
sword_480,my sword of amazeballs,dtype_480,100,1.3,bar0,bar1,bar2,bar3,bar4,bar5,bar6,bar7
sword_481,my sword of amazeballs,dtype_481,100,1.3,bar0,bar1,bar2,bar3,bar4,bar5,bar6,bar7
sword_482,my sword of amazeballs,dtype_482,100,1.3,bar0,bar1,bar2,bar3,bar4,bar5,bar6,bar7
sword_483,my sword of amazeballs,dtype_483,100,1.3,bar0,bar1,bar2,bar3,bar4,bar5,bar6,bar7
sword_484,my sword of amazeballs,dtype_484,100,1.3,bar0,bar1,bar2,bar3,bar4,bar5,bar6,bar7
sword_485,my sword of amazeballs,dtype_485,100,1.3,bar0,bar1,bar2,bar3,bar4,bar5,bar6,bar7
sword_486,my sword of amazeballs,dtype_486,100,1.3,bar0,bar1,bar2,bar3,bar4,bar5,bar6,bar7
sword_487,my sword of amazeballs,dtype_487,100,1.3,bar0,bar1,bar2,bar3,bar4,bar5,bar6,bar7
sword_488,my sword of amazeballs,dtype_488,100,1.3,bar0,bar1,bar2,bar3,bar4,bar5,bar6,bar7
sword_489,my sword of amazeballs,dtype_489,100,1.3,bar0,bar1,bar2,bar3,bar4,bar5,bar6,bar7
sword_490,my sword of amazeballs,dtype_490,100,1.3,bar0,bar1,bar2,bar3,bar4,bar5,bar6,bar7
sword_491,my sword of amazeballs,dtype_491,100,1.3,bar0,bar1,bar2,bar3,bar4,bar5,bar6,bar7
sword_492,my sword of amazeballs,dtype_492,100,1.3,bar0,bar1,bar2,bar3,bar4,bar5,bar6,bar7
sword_493,my sword of amazeballs,dtype_493,100,1.3,bar0,bar1,bar2,bar3,bar4,bar5,bar6,bar7
sword_494,my sword of amazeballs,dtype_494,100,1.3,bar0,bar1,bar2,bar3,bar4,bar5,bar6,bar7
sword_495,my sword of amazeballs,dtype_495,100,1.3,bar0,bar1,bar2,bar3,bar4,bar5,bar6,bar7
sword_496,my sword of amazeballs,dtype_496,100,1.3,bar0,bar1,bar2,bar3,bar4,bar5,bar6,bar7
sword_497,my sword of amazeballs,dtype_497,100,1.3,bar0,bar1,bar2,bar3,bar4,bar5,bar6,bar7
sword_498,my sword of amazeballs,dtype_498,100,1.3,bar0,bar1,bar2,bar3,bar4,bar5,bar6,bar7
sword_499,my sword of amazeballs,dtype_499,100,1.3,bar0,bar1,bar2,bar3,bar4,bar5,bar6,bar7
sword_500,my sword of amazeballs,dtype_500,100,1.3,bar0,bar1,bar2,bar3,bar4,bar5,bar6,bar7
sword_501,my sword of amazeballs,dtype_501,100,1.3,bar0,bar1,bar2,bar3,bar4,bar5,bar6,bar7
sword_502,my sword of amazeballs,dtype_502,100,1.3,bar0,bar1,bar2,bar3,bar4,bar5,bar6,bar7
sword_503,my sword of amazeballs,dtype_503,100,1.3,bar0,bar1,bar2,bar3,bar4,bar5,bar6,bar7
sword_504,my sword of amazeballs,dtype_504,100,1.3,bar0,bar1,bar2,bar3,bar4,bar5,bar6,bar7
sword_505,my sword of amazeballs,dtype_505,100,1.3,bar0,bar1,bar2,bar3,bar4,bar5,bar6,bar7
sword_506,my sword of amazeballs,dtype_506,100,1.3,bar0,bar1,bar2,bar3,bar4,bar5,bar6,bar7
sword_507,my sword of amazeballs,dtype_507,100,1.3,bar0,bar1,bar2,bar3,bar4,bar5,bar6,bar7
sword_508,my sword of amazeballs,dtype_508,100,1.3,bar0,bar1,bar2,bar3,bar4,bar5,bar6,bar7
sword_509,my sword of amazeballs,dtype_509,100,1.3,bar0,bar1,bar2,bar3,bar4,bar5,bar6,bar7
sword_510,my sword of amazeballs,dtype_510,100,1.3,bar0,bar1,bar2,bar3,bar4,bar5,bar6,bar7
sword_511,my sword of amazeballs,dtype_511,100,1.3,bar0,bar1,bar2,bar3,bar4,bar5,bar6,bar7
sword_512,my sword of amazeballs,dtype_512,100,1.3,bar0,bar1,bar2,bar3,bar4,bar5,bar6,bar7
sword_513,my sword of amazeballs,dtype_513,100,1.3,bar0,bar1,bar2,bar3,bar4,bar5,bar6,bar7
sword_514,my sword of amazeballs,dtype_514,100,1.3,bar0,bar1,bar2,bar3,bar4,bar5,bar6,bar7
sword_515,my sword of amazeballs,dtype_515,100,1.3,bar0,bar1,bar2,bar3,bar4,bar5,bar6,bar7
sword_516,my sword of amazeballs,dtype_516,100,1.3,bar0,bar1,bar2,bar3,bar4,bar5,bar6,bar7
sword_517,my sword of amazeballs,dtype_517,100,1.3,bar0,bar1,bar2,bar3,bar4,bar5,bar6,bar7
sword_518,my sword of amazeballs,dtype_518,100,1.3,bar0,bar1,bar2,bar3,bar4,bar5,bar6,bar7
sword_519,my sword of amazeballs,dtype_519,100,1.3,bar0,bar1,bar2,bar3,bar4,bar5,bar6,bar7
sword_520,my sword of amazeballs,dtype_520,100,1.3,bar0,bar1,bar2,bar3,bar4,bar5,bar6,bar7
sword_521,my sword of amazeballs,dtype_521,100,1.3,bar0,bar1,bar2,bar3,bar4,bar5,bar6,bar7
sword_522,my sword of amazeballs,dtype_522,100,1.3,bar0,bar1,bar2,bar3,bar4,bar5,bar6,bar7
sword_523,my sword of amazeballs,dtype_523,100,1.3,bar0,bar1,bar2,bar3,bar4,bar5,bar6,bar7
sword_524,my sword of amazeballs,dtype_524,100,1.3,bar0,bar1,bar2,bar3,bar4,bar5,bar6,bar7
sword_525,my sword of amazeballs,dtype_525,100,1.3,bar0,bar1,bar2,bar3,bar4,bar5,bar6,bar7
sword_526,my sword of amazeballs,dtype_526,100,1.3,bar0,bar1,bar2,bar3,bar4,bar5,bar6,bar7
sword_527,my sword of amazeballs,dtype_527,100,1.3,bar0,bar1,bar2,bar3,bar4,bar5,bar6,bar7
sword_528,my sword of amazeballs,dtype_528,100,1.3,bar0,bar1,bar2,bar3,bar4,bar5,bar6,bar7
sword_529,my sword of amazeballs,dtype_529,100,1.3,bar0,bar1,bar2,bar3,bar4,bar5,bar6,bar7
sword_530,my sword of amazeballs,dtype_530,100,1.3,bar0,bar1,bar2,bar3,bar4,bar5,bar6,bar7
sword_531,my sword of amazeballs,dtype_531,100,1.3,bar0,bar1,bar2,bar3,bar4,bar5,bar6,bar7
sword_532,my sword of amazeballs,dtype_532,100,1.3,bar0,bar1,bar2,bar3,bar4,bar5,bar6,bar7
sword_533,my sword of amazeballs,dtype_533,100,1.3,bar0,bar1,bar2,bar3,bar4,bar5,bar6,bar7
sword_534,my sword of amazeballs,dtype_534,100,1.3,bar0,bar1,bar2,bar3,bar4,bar5,bar6,bar7
sword_535,my sword of amazeballs,dtype_535,100,1.3,bar0,bar1,bar2,bar3,bar4,bar5,bar6,bar7
sword_536,my sword of amazeballs,dtype_536,100,1.3,bar0,bar1,bar2,bar3,bar4,bar5,bar6,bar7
sword_537,my sword of amazeballs,dtype_537,100,1.3,bar0,bar1,bar2,bar3,bar4,bar5,bar6,bar7
sword_538,my sword of amazeballs,dtype_538,100,1.3,bar0,bar1,bar2,bar3,bar4,bar5,bar6,bar7
sword_539,my sword of amazeballs,dtype_539,100,1.3,bar0,bar1,bar2,bar3,bar4,bar5,bar6,bar7
sword_540,my sword of amazeballs,dtype_540,100,1.3,bar0,bar1,bar2,bar3,bar4,bar5,bar6,bar7
sword_541,my sword of amazeballs,dtype_541,100,1.3,bar0,bar1,bar2,bar3,bar4,bar5,bar6,bar7
sword_542,my sword of amazeballs,dtype_542,100,1.3,bar0,bar1,bar2,bar3,bar4,bar5,bar6,bar7
sword_543,my sword of amazeballs,dtype_543,100,1.3,bar0,bar1,bar2,bar3,bar4,bar5,bar6,bar7
sword_544,my sword of amazeballs,dtype_544,100,1.3,bar0,bar1,bar2,bar3,bar4,bar5,bar6,bar7
sword_545,my sword of amazeballs,dtype_545,100,1.3,bar0,bar1,bar2,bar3,bar4,bar5,bar6,bar7
sword_546,my sword of amazeballs,dtype_546,100,1.3,bar0,bar1,bar2,bar3,bar4,bar5,bar6,bar7
sword_547,my sword of amazeballs,dtype_547,100,1.3,bar0,bar1,bar2,bar3,bar4,bar5,bar6,bar7
sword_548,my sword of amazeballs,dtype_548,100,1.3,bar0,bar1,bar2,bar3,bar4,bar5,bar6,bar7
sword_549,my sword of amazeballs,dtype_549,100,1.3,bar0,bar1,bar2,bar3,bar4,bar5,bar6,bar7
sword_550,my sword of amazeballs,dtype_550,100,1.3,bar0,bar1,bar2,bar3,bar4,bar5,bar6,bar7
sword_551,my sword of amazeballs,dtype_551,100,1.3,bar0,bar1,bar2,bar3,bar4,bar5,bar6,bar7
sword_552,my sword of amazeballs,dtype_552,100,1.3,bar0,bar1,bar2,bar3,bar4,bar5,bar6,bar7
sword_553,my sword of amazeballs,dtype_553,100,1.3,bar0,bar1,bar2,bar3,bar4,bar5,bar6,bar7
sword_554,my sword of amazeballs,dtype_554,100,1.3,bar0,bar1,bar2,bar3,bar4,bar5,bar6,bar7
sword_555,my sword of amazeballs,dtype_555,100,1.3,bar0,bar1,bar2,bar3,bar4,bar5,bar6,bar7
sword_556,my sword of amazeballs,dtype_556,100,1.3,bar0,bar1,bar2,bar3,bar4,bar5,bar6,bar7
sword_557,my sword of amazeballs,dtype_557,100,1.3,bar0,bar1,bar2,bar3,bar4,bar5,bar6,bar7
sword_558,my sword of amazeballs,dtype_558,100,1.3,bar0,bar1,bar2,bar3,bar4,bar5,bar6,bar7
sword_559,my sword of amazeballs,dtype_559,100,1.3,bar0,bar1,bar2,bar3,bar4,bar5,bar6,bar7
sword_560,my sword of amazeballs,dtype_560,100,1.3,bar0,bar1,bar2,bar3,bar4,bar5,bar6,bar7
sword_561,my sword of amazeballs,dtype_561,100,1.3,bar0,bar1,bar2,bar3,bar4,bar5,bar6,bar7
sword_562,my sword of amazeballs,dtype_562,100,1.3,bar0,bar1,bar2,bar3,bar4,bar5,bar6,bar7
sword_563,my sword of amazeballs,dtype_563,100,1.3,bar0,bar1,bar2,bar3,bar4,bar5,bar6,bar7
sword_564,my sword of amazeballs,dtype_564,100,1.3,bar0,bar1,bar2,bar3,bar4,bar5,bar6,bar7
sword_565,my sword of amazeballs,dtype_565,100,1.3,bar0,bar1,bar2,bar3,bar4,bar5,bar6,bar7
sword_566,my sword of amazeballs,dtype_566,100,1.3,bar0,bar1,bar2,bar3,bar4,bar5,bar6,bar7
sword_567,my sword of amazeballs,dtype_567,100,1.3,bar0,bar1,bar2,bar3,bar4,bar5,bar6,bar7
sword_568,my sword of amazeballs,dtype_568,100,1.3,bar0,bar1,bar2,bar3,bar4,bar5,bar6,bar7
sword_569,my sword of amazeballs,dtype_569,100,1.3,bar0,bar1,bar2,bar3,bar4,bar5,bar6,bar7
sword_570,my sword of amazeballs,dtype_570,100,1.3,bar0,bar1,bar2,bar3,bar4,bar5,bar6,bar7
sword_571,my sword of amazeballs,dtype_571,100,1.3,bar0,bar1,bar2,bar3,bar4,bar5,bar6,bar7
sword_572,my sword of amazeballs,dtype_572,100,1.3,bar0,bar1,bar2,bar3,bar4,bar5,bar6,bar7
sword_573,my sword of amazeballs,dtype_573,100,1.3,bar0,bar1,bar2,bar3,bar4,bar5,bar6,bar7
sword_574,my sword of amazeballs,dtype_574,100,1.3,bar0,bar1,bar2,bar3,bar4,bar5,bar6,bar7
sword_575,my sword of amazeballs,dtype_575,100,1.3,bar0,bar1,bar2,bar3,bar4,bar5,bar6,bar7
sword_576,my sword of amazeballs,dtype_576,100,1.3,bar0,bar1,bar2,bar3,bar4,bar5,bar6,bar7
sword_577,my sword of amazeballs,dtype_577,100,1.3,bar0,bar1,bar2,bar3,bar4,bar5,bar6,bar7
sword_578,my sword of amazeballs,dtype_578,100,1.3,bar0,bar1,bar2,bar3,bar4,bar5,bar6,bar7
sword_579,my sword of amazeballs,dtype_579,100,1.3,bar0,bar1,bar2,bar3,bar4,bar5,bar6,bar7
sword_580,my sword of amazeballs,dtype_580,100,1.3,bar0,bar1,bar2,bar3,bar4,bar5,bar6,bar7
sword_581,my sword of amazeballs,dtype_581,100,1.3,bar0,bar1,bar2,bar3,bar4,bar5,bar6,bar7
sword_582,my sword of amazeballs,dtype_582,100,1.3,bar0,bar1,bar2,bar3,bar4,bar5,bar6,bar7
sword_583,my sword of amazeballs,dtype_583,100,1.3,bar0,bar1,bar2,bar3,bar4,bar5,bar6,bar7
sword_584,my sword of amazeballs,dtype_584,100,1.3,bar0,bar1,bar2,bar3,bar4,bar5,bar6,bar7
sword_585,my sword of amazeballs,dtype_585,100,1.3,bar0,bar1,bar2,bar3,bar4,bar5,bar6,bar7
sword_586,my sword of amazeballs,dtype_586,100,1.3,bar0,bar1,bar2,bar3,bar4,bar5,bar6,bar7
sword_587,my sword of amazeballs,dtype_587,100,1.3,bar0,bar1,bar2,bar3,bar4,bar5,bar6,bar7
sword_588,my sword of amazeballs,dtype_588,100,1.3,bar0,bar1,bar2,bar3,bar4,bar5,bar6,bar7
sword_589,my sword of amazeballs,dtype_589,100,1.3,bar0,bar1,bar2,bar3,bar4,bar5,bar6,bar7
sword_590,my sword of amazeballs,dtype_590,100,1.3,bar0,bar1,bar2,bar3,bar4,bar5,bar6,bar7
sword_591,my sword of amazeballs,dtype_591,100,1.3,bar0,bar1,bar2,bar3,bar4,bar5,bar6,bar7
sword_592,my sword of amazeballs,dtype_592,100,1.3,bar0,bar1,bar2,bar3,bar4,bar5,bar6,bar7
sword_593,my sword of amazeballs,dtype_593,100,1.3,bar0,bar1,bar2,bar3,bar4,bar5,bar6,bar7
sword_594,my sword of amazeballs,dtype_594,100,1.3,bar0,bar1,bar2,bar3,bar4,bar5,bar6,bar7
sword_595,my sword of amazeballs,dtype_595,100,1.3,bar0,bar1,bar2,bar3,bar4,bar5,bar6,bar7
sword_596,my sword of amazeballs,dtype_596,100,1.3,bar0,bar1,bar2,bar3,bar4,bar5,bar6,bar7
sword_597,my sword of amazeballs,dtype_597,100,1.3,bar0,bar1,bar2,bar3,bar4,bar5,bar6,bar7
sword_598,my sword of amazeballs,dtype_598,100,1.3,bar0,bar1,bar2,bar3,bar4,bar5,bar6,bar7
sword_599,my sword of amazeballs,dtype_599,100,1.3,bar0,bar1,bar2,bar3,bar4,bar5,bar6,bar7
sword_600,my sword of amazeballs,dtype_600,100,1.3,bar0,bar1,bar2,bar3,bar4,bar5,bar6,bar7
sword_601,my sword of amazeballs,dtype_601,100,1.3,bar0,bar1,bar2,bar3,bar4,bar5,bar6,bar7
sword_602,my sword of amazeballs,dtype_602,100,1.3,bar0,bar1,bar2,bar3,bar4,bar5,bar6,bar7
sword_603,my sword of amazeballs,dtype_603,100,1.3,bar0,bar1,bar2,bar3,bar4,bar5,bar6,bar7
sword_604,my sword of amazeballs,dtype_604,100,1.3,bar0,bar1,bar2,bar3,bar4,bar5,bar6,bar7
sword_605,my sword of amazeballs,dtype_605,100,1.3,bar0,bar1,bar2,bar3,bar4,bar5,bar6,bar7
sword_606,my sword of amazeballs,dtype_606,100,1.3,bar0,bar1,bar2,bar3,bar4,bar5,bar6,bar7
sword_607,my sword of amazeballs,dtype_607,100,1.3,bar0,bar1,bar2,bar3,bar4,bar5,bar6,bar7
sword_608,my sword of amazeballs,dtype_608,100,1.3,bar0,bar1,bar2,bar3,bar4,bar5,bar6,bar7
sword_609,my sword of amazeballs,dtype_609,100,1.3,bar0,bar1,bar2,bar3,bar4,bar5,bar6,bar7
sword_610,my sword of amazeballs,dtype_610,100,1.3,bar0,bar1,bar2,bar3,bar4,bar5,bar6,bar7
sword_611,my sword of amazeballs,dtype_611,100,1.3,bar0,bar1,bar2,bar3,bar4,bar5,bar6,bar7
sword_612,my sword of amazeballs,dtype_612,100,1.3,bar0,bar1,bar2,bar3,bar4,bar5,bar6,bar7
sword_613,my sword of amazeballs,dtype_613,100,1.3,bar0,bar1,bar2,bar3,bar4,bar5,bar6,bar7
sword_614,my sword of amazeballs,dtype_614,100,1.3,bar0,bar1,bar2,bar3,bar4,bar5,bar6,bar7
sword_615,my sword of amazeballs,dtype_615,100,1.3,bar0,bar1,bar2,bar3,bar4,bar5,bar6,bar7
sword_616,my sword of amazeballs,dtype_616,100,1.3,bar0,bar1,bar2,bar3,bar4,bar5,bar6,bar7
sword_617,my sword of amazeballs,dtype_617,100,1.3,bar0,bar1,bar2,bar3,bar4,bar5,bar6,bar7
sword_618,my sword of amazeballs,dtype_618,100,1.3,bar0,bar1,bar2,bar3,bar4,bar5,bar6,bar7
sword_619,my sword of amazeballs,dtype_619,100,1.3,bar0,bar1,bar2,bar3,bar4,bar5,bar6,bar7
sword_620,my sword of amazeballs,dtype_620,100,1.3,bar0,bar1,bar2,bar3,bar4,bar5,bar6,bar7
sword_621,my sword of amazeballs,dtype_621,100,1.3,bar0,bar1,bar2,bar3,bar4,bar5,bar6,bar7
sword_622,my sword of amazeballs,dtype_622,100,1.3,bar0,bar1,bar2,bar3,bar4,bar5,bar6,bar7
sword_623,my sword of amazeballs,dtype_623,100,1.3,bar0,bar1,bar2,bar3,bar4,bar5,bar6,bar7
sword_624,my sword of amazeballs,dtype_624,100,1.3,bar0,bar1,bar2,bar3,bar4,bar5,bar6,bar7
sword_625,my sword of amazeballs,dtype_625,100,1.3,bar0,bar1,bar2,bar3,bar4,bar5,bar6,bar7
sword_626,my sword of amazeballs,dtype_626,100,1.3,bar0,bar1,bar2,bar3,bar4,bar5,bar6,bar7
sword_627,my sword of amazeballs,dtype_627,100,1.3,bar0,bar1,bar2,bar3,bar4,bar5,bar6,bar7
sword_628,my sword of amazeballs,dtype_628,100,1.3,bar0,bar1,bar2,bar3,bar4,bar5,bar6,bar7
sword_629,my sword of amazeballs,dtype_629,100,1.3,bar0,bar1,bar2,bar3,bar4,bar5,bar6,bar7
sword_630,my sword of amazeballs,dtype_630,100,1.3,bar0,bar1,bar2,bar3,bar4,bar5,bar6,bar7
sword_631,my sword of amazeballs,dtype_631,100,1.3,bar0,bar1,bar2,bar3,bar4,bar5,bar6,bar7
sword_632,my sword of amazeballs,dtype_632,100,1.3,bar0,bar1,bar2,bar3,bar4,bar5,bar6,bar7
sword_633,my sword of amazeballs,dtype_633,100,1.3,bar0,bar1,bar2,bar3,bar4,bar5,bar6,bar7
sword_634,my sword of amazeballs,dtype_634,100,1.3,bar0,bar1,bar2,bar3,bar4,bar5,bar6,bar7
sword_635,my sword of amazeballs,dtype_635,100,1.3,bar0,bar1,bar2,bar3,bar4,bar5,bar6,bar7
sword_636,my sword of amazeballs,dtype_636,100,1.3,bar0,bar1,bar2,bar3,bar4,bar5,bar6,bar7
sword_637,my sword of amazeballs,dtype_637,100,1.3,bar0,bar1,bar2,bar3,bar4,bar5,bar6,bar7
sword_638,my sword of amazeballs,dtype_638,100,1.3,bar0,bar1,bar2,bar3,bar4,bar5,bar6,bar7
sword_639,my sword of amazeballs,dtype_639,100,1.3,bar0,bar1,bar2,bar3,bar4,bar5,bar6,bar7
sword_640,my sword of amazeballs,dtype_640,100,1.3,bar0,bar1,bar2,bar3,bar4,bar5,bar6,bar7
sword_641,my sword of amazeballs,dtype_641,100,1.3,bar0,bar1,bar2,bar3,bar4,bar5,bar6,bar7
sword_642,my sword of amazeballs,dtype_642,100,1.3,bar0,bar1,bar2,bar3,bar4,bar5,bar6,bar7
sword_643,my sword of amazeballs,dtype_643,100,1.3,bar0,bar1,bar2,bar3,bar4,bar5,bar6,bar7
sword_644,my sword of amazeballs,dtype_644,100,1.3,bar0,bar1,bar2,bar3,bar4,bar5,bar6,bar7
sword_645,my sword of amazeballs,dtype_645,100,1.3,bar0,bar1,bar2,bar3,bar4,bar5,bar6,bar7
sword_646,my sword of amazeballs,dtype_646,100,1.3,bar0,bar1,bar2,bar3,bar4,bar5,bar6,bar7
sword_647,my sword of amazeballs,dtype_647,100,1.3,bar0,bar1,bar2,bar3,bar4,bar5,bar6,bar7
sword_648,my sword of amazeballs,dtype_648,100,1.3,bar0,bar1,bar2,bar3,bar4,bar5,bar6,bar7
sword_649,my sword of amazeballs,dtype_649,100,1.3,bar0,bar1,bar2,bar3,bar4,bar5,bar6,bar7
sword_650,my sword of amazeballs,dtype_650,100,1.3,bar0,bar1,bar2,bar3,bar4,bar5,bar6,bar7
sword_651,my sword of amazeballs,dtype_651,100,1.3,bar0,bar1,bar2,bar3,bar4,bar5,bar6,bar7
sword_652,my sword of amazeballs,dtype_652,100,1.3,bar0,bar1,bar2,bar3,bar4,bar5,bar6,bar7
sword_653,my sword of amazeballs,dtype_653,100,1.3,bar0,bar1,bar2,bar3,bar4,bar5,bar6,bar7
sword_654,my sword of amazeballs,dtype_654,100,1.3,bar0,bar1,bar2,bar3,bar4,bar5,bar6,bar7
sword_655,my sword of amazeballs,dtype_655,100,1.3,bar0,bar1,bar2,bar3,bar4,bar5,bar6,bar7
sword_656,my sword of amazeballs,dtype_656,100,1.3,bar0,bar1,bar2,bar3,bar4,bar5,bar6,bar7
sword_657,my sword of amazeballs,dtype_657,100,1.3,bar0,bar1,bar2,bar3,bar4,bar5,bar6,bar7
sword_658,my sword of amazeballs,dtype_658,100,1.3,bar0,bar1,bar2,bar3,bar4,bar5,bar6,bar7
sword_659,my sword of amazeballs,dtype_659,100,1.3,bar0,bar1,bar2,bar3,bar4,bar5,bar6,bar7
sword_660,my sword of amazeballs,dtype_660,100,1.3,bar0,bar1,bar2,bar3,bar4,bar5,bar6,bar7
sword_661,my sword of amazeballs,dtype_661,100,1.3,bar0,bar1,bar2,bar3,bar4,bar5,bar6,bar7
sword_662,my sword of amazeballs,dtype_662,100,1.3,bar0,bar1,bar2,bar3,bar4,bar5,bar6,bar7
sword_663,my sword of amazeballs,dtype_663,100,1.3,bar0,bar1,bar2,bar3,bar4,bar5,bar6,bar7
sword_664,my sword of amazeballs,dtype_664,100,1.3,bar0,bar1,bar2,bar3,bar4,bar5,bar6,bar7
sword_665,my sword of amazeballs,dtype_665,100,1.3,bar0,bar1,bar2,bar3,bar4,bar5,bar6,bar7
sword_666,my sword of amazeballs,dtype_666,100,1.3,bar0,bar1,bar2,bar3,bar4,bar5,bar6,bar7
sword_667,my sword of amazeballs,dtype_667,100,1.3,bar0,bar1,bar2,bar3,bar4,bar5,bar6,bar7
sword_668,my sword of amazeballs,dtype_668,100,1.3,bar0,bar1,bar2,bar3,bar4,bar5,bar6,bar7
sword_669,my sword of amazeballs,dtype_669,100,1.3,bar0,bar1,bar2,bar3,bar4,bar5,bar6,bar7
sword_670,my sword of amazeballs,dtype_670,100,1.3,bar0,bar1,bar2,bar3,bar4,bar5,bar6,bar7
sword_671,my sword of amazeballs,dtype_671,100,1.3,bar0,bar1,bar2,bar3,bar4,bar5,bar6,bar7
sword_672,my sword of amazeballs,dtype_672,100,1.3,bar0,bar1,bar2,bar3,bar4,bar5,bar6,bar7
sword_673,my sword of amazeballs,dtype_673,100,1.3,bar0,bar1,bar2,bar3,bar4,bar5,bar6,bar7
sword_674,my sword of amazeballs,dtype_674,100,1.3,bar0,bar1,bar2,bar3,bar4,bar5,bar6,bar7
sword_675,my sword of amazeballs,dtype_675,100,1.3,bar0,bar1,bar2,bar3,bar4,bar5,bar6,bar7
sword_676,my sword of amazeballs,dtype_676,100,1.3,bar0,bar1,bar2,bar3,bar4,bar5,bar6,bar7
sword_677,my sword of amazeballs,dtype_677,100,1.3,bar0,bar1,bar2,bar3,bar4,bar5,bar6,bar7
sword_678,my sword of amazeballs,dtype_678,100,1.3,bar0,bar1,bar2,bar3,bar4,bar5,bar6,bar7
sword_679,my sword of amazeballs,dtype_679,100,1.3,bar0,bar1,bar2,bar3,bar4,bar5,bar6,bar7
sword_680,my sword of amazeballs,dtype_680,100,1.3,bar0,bar1,bar2,bar3,bar4,bar5,bar6,bar7
sword_681,my sword of amazeballs,dtype_681,100,1.3,bar0,bar1,bar2,bar3,bar4,bar5,bar6,bar7
sword_682,my sword of amazeballs,dtype_682,100,1.3,bar0,bar1,bar2,bar3,bar4,bar5,bar6,bar7
sword_683,my sword of amazeballs,dtype_683,100,1.3,bar0,bar1,bar2,bar3,bar4,bar5,bar6,bar7
sword_684,my sword of amazeballs,dtype_684,100,1.3,bar0,bar1,bar2,bar3,bar4,bar5,bar6,bar7
sword_685,my sword of amazeballs,dtype_685,100,1.3,bar0,bar1,bar2,bar3,bar4,bar5,bar6,bar7
sword_686,my sword of amazeballs,dtype_686,100,1.3,bar0,bar1,bar2,bar3,bar4,bar5,bar6,bar7
sword_687,my sword of amazeballs,dtype_687,100,1.3,bar0,bar1,bar2,bar3,bar4,bar5,bar6,bar7
sword_688,my sword of amazeballs,dtype_688,100,1.3,bar0,bar1,bar2,bar3,bar4,bar5,bar6,bar7
sword_689,my sword of amazeballs,dtype_689,100,1.3,bar0,bar1,bar2,bar3,bar4,bar5,bar6,bar7
sword_690,my sword of amazeballs,dtype_690,100,1.3,bar0,bar1,bar2,bar3,bar4,bar5,bar6,bar7
sword_691,my sword of amazeballs,dtype_691,100,1.3,bar0,bar1,bar2,bar3,bar4,bar5,bar6,bar7
sword_692,my sword of amazeballs,dtype_692,100,1.3,bar0,bar1,bar2,bar3,bar4,bar5,bar6,bar7
sword_693,my sword of amazeballs,dtype_693,100,1.3,bar0,bar1,bar2,bar3,bar4,bar5,bar6,bar7
sword_694,my sword of amazeballs,dtype_694,100,1.3,bar0,bar1,bar2,bar3,bar4,bar5,bar6,bar7
sword_695,my sword of amazeballs,dtype_695,100,1.3,bar0,bar1,bar2,bar3,bar4,bar5,bar6,bar7
sword_696,my sword of amazeballs,dtype_696,100,1.3,bar0,bar1,bar2,bar3,bar4,bar5,bar6,bar7
sword_697,my sword of amazeballs,dtype_697,100,1.3,bar0,bar1,bar2,bar3,bar4,bar5,bar6,bar7
sword_698,my sword of amazeballs,dtype_698,100,1.3,bar0,bar1,bar2,bar3,bar4,bar5,bar6,bar7
sword_699,my sword of amazeballs,dtype_699,100,1.3,bar0,bar1,bar2,bar3,bar4,bar5,bar6,bar7
sword_700,my sword of amazeballs,dtype_700,100,1.3,bar0,bar1,bar2,bar3,bar4,bar5,bar6,bar7
sword_701,my sword of amazeballs,dtype_701,100,1.3,bar0,bar1,bar2,bar3,bar4,bar5,bar6,bar7
sword_702,my sword of amazeballs,dtype_702,100,1.3,bar0,bar1,bar2,bar3,bar4,bar5,bar6,bar7
sword_703,my sword of amazeballs,dtype_703,100,1.3,bar0,bar1,bar2,bar3,bar4,bar5,bar6,bar7
sword_704,my sword of amazeballs,dtype_704,100,1.3,bar0,bar1,bar2,bar3,bar4,bar5,bar6,bar7
sword_705,my sword of amazeballs,dtype_705,100,1.3,bar0,bar1,bar2,bar3,bar4,bar5,bar6,bar7
sword_706,my sword of amazeballs,dtype_706,100,1.3,bar0,bar1,bar2,bar3,bar4,bar5,bar6,bar7
sword_707,my sword of amazeballs,dtype_707,100,1.3,bar0,bar1,bar2,bar3,bar4,bar5,bar6,bar7
sword_708,my sword of amazeballs,dtype_708,100,1.3,bar0,bar1,bar2,bar3,bar4,bar5,bar6,bar7
sword_709,my sword of amazeballs,dtype_709,100,1.3,bar0,bar1,bar2,bar3,bar4,bar5,bar6,bar7
sword_710,my sword of amazeballs,dtype_710,100,1.3,bar0,bar1,bar2,bar3,bar4,bar5,bar6,bar7
sword_711,my sword of amazeballs,dtype_711,100,1.3,bar0,bar1,bar2,bar3,bar4,bar5,bar6,bar7
sword_712,my sword of amazeballs,dtype_712,100,1.3,bar0,bar1,bar2,bar3,bar4,bar5,bar6,bar7
sword_713,my sword of amazeballs,dtype_713,100,1.3,bar0,bar1,bar2,bar3,bar4,bar5,bar6,bar7
sword_714,my sword of amazeballs,dtype_714,100,1.3,bar0,bar1,bar2,bar3,bar4,bar5,bar6,bar7
sword_715,my sword of amazeballs,dtype_715,100,1.3,bar0,bar1,bar2,bar3,bar4,bar5,bar6,bar7
sword_716,my sword of amazeballs,dtype_716,100,1.3,bar0,bar1,bar2,bar3,bar4,bar5,bar6,bar7
sword_717,my sword of amazeballs,dtype_717,100,1.3,bar0,bar1,bar2,bar3,bar4,bar5,bar6,bar7
sword_718,my sword of amazeballs,dtype_718,100,1.3,bar0,bar1,bar2,bar3,bar4,bar5,bar6,bar7
sword_719,my sword of amazeballs,dtype_719,100,1.3,bar0,bar1,bar2,bar3,bar4,bar5,bar6,bar7
sword_720,my sword of amazeballs,dtype_720,100,1.3,bar0,bar1,bar2,bar3,bar4,bar5,bar6,bar7
sword_721,my sword of amazeballs,dtype_721,100,1.3,bar0,bar1,bar2,bar3,bar4,bar5,bar6,bar7
sword_722,my sword of amazeballs,dtype_722,100,1.3,bar0,bar1,bar2,bar3,bar4,bar5,bar6,bar7
sword_723,my sword of amazeballs,dtype_723,100,1.3,bar0,bar1,bar2,bar3,bar4,bar5,bar6,bar7
sword_724,my sword of amazeballs,dtype_724,100,1.3,bar0,bar1,bar2,bar3,bar4,bar5,bar6,bar7
sword_725,my sword of amazeballs,dtype_725,100,1.3,bar0,bar1,bar2,bar3,bar4,bar5,bar6,bar7
sword_726,my sword of amazeballs,dtype_726,100,1.3,bar0,bar1,bar2,bar3,bar4,bar5,bar6,bar7
sword_727,my sword of amazeballs,dtype_727,100,1.3,bar0,bar1,bar2,bar3,bar4,bar5,bar6,bar7
sword_728,my sword of amazeballs,dtype_728,100,1.3,bar0,bar1,bar2,bar3,bar4,bar5,bar6,bar7
sword_729,my sword of amazeballs,dtype_729,100,1.3,bar0,bar1,bar2,bar3,bar4,bar5,bar6,bar7
sword_730,my sword of amazeballs,dtype_730,100,1.3,bar0,bar1,bar2,bar3,bar4,bar5,bar6,bar7
sword_731,my sword of amazeballs,dtype_731,100,1.3,bar0,bar1,bar2,bar3,bar4,bar5,bar6,bar7
sword_732,my sword of amazeballs,dtype_732,100,1.3,bar0,bar1,bar2,bar3,bar4,bar5,bar6,bar7
sword_733,my sword of amazeballs,dtype_733,100,1.3,bar0,bar1,bar2,bar3,bar4,bar5,bar6,bar7
sword_734,my sword of amazeballs,dtype_734,100,1.3,bar0,bar1,bar2,bar3,bar4,bar5,bar6,bar7
sword_735,my sword of amazeballs,dtype_735,100,1.3,bar0,bar1,bar2,bar3,bar4,bar5,bar6,bar7
sword_736,my sword of amazeballs,dtype_736,100,1.3,bar0,bar1,bar2,bar3,bar4,bar5,bar6,bar7
sword_737,my sword of amazeballs,dtype_737,100,1.3,bar0,bar1,bar2,bar3,bar4,bar5,bar6,bar7
sword_738,my sword of amazeballs,dtype_738,100,1.3,bar0,bar1,bar2,bar3,bar4,bar5,bar6,bar7
sword_739,my sword of amazeballs,dtype_739,100,1.3,bar0,bar1,bar2,bar3,bar4,bar5,bar6,bar7
sword_740,my sword of amazeballs,dtype_740,100,1.3,bar0,bar1,bar2,bar3,bar4,bar5,bar6,bar7
sword_741,my sword of amazeballs,dtype_741,100,1.3,bar0,bar1,bar2,bar3,bar4,bar5,bar6,bar7
sword_742,my sword of amazeballs,dtype_742,100,1.3,bar0,bar1,bar2,bar3,bar4,bar5,bar6,bar7
sword_743,my sword of amazeballs,dtype_743,100,1.3,bar0,bar1,bar2,bar3,bar4,bar5,bar6,bar7
sword_744,my sword of amazeballs,dtype_744,100,1.3,bar0,bar1,bar2,bar3,bar4,bar5,bar6,bar7
sword_745,my sword of amazeballs,dtype_745,100,1.3,bar0,bar1,bar2,bar3,bar4,bar5,bar6,bar7
sword_746,my sword of amazeballs,dtype_746,100,1.3,bar0,bar1,bar2,bar3,bar4,bar5,bar6,bar7
sword_747,my sword of amazeballs,dtype_747,100,1.3,bar0,bar1,bar2,bar3,bar4,bar5,bar6,bar7
sword_748,my sword of amazeballs,dtype_748,100,1.3,bar0,bar1,bar2,bar3,bar4,bar5,bar6,bar7
sword_749,my sword of amazeballs,dtype_749,100,1.3,bar0,bar1,bar2,bar3,bar4,bar5,bar6,bar7
sword_750,my sword of amazeballs,dtype_750,100,1.3,bar0,bar1,bar2,bar3,bar4,bar5,bar6,bar7
sword_751,my sword of amazeballs,dtype_751,100,1.3,bar0,bar1,bar2,bar3,bar4,bar5,bar6,bar7
sword_752,my sword of amazeballs,dtype_752,100,1.3,bar0,bar1,bar2,bar3,bar4,bar5,bar6,bar7
sword_753,my sword of amazeballs,dtype_753,100,1.3,bar0,bar1,bar2,bar3,bar4,bar5,bar6,bar7
sword_754,my sword of amazeballs,dtype_754,100,1.3,bar0,bar1,bar2,bar3,bar4,bar5,bar6,bar7
sword_755,my sword of amazeballs,dtype_755,100,1.3,bar0,bar1,bar2,bar3,bar4,bar5,bar6,bar7
sword_756,my sword of amazeballs,dtype_756,100,1.3,bar0,bar1,bar2,bar3,bar4,bar5,bar6,bar7
sword_757,my sword of amazeballs,dtype_757,100,1.3,bar0,bar1,bar2,bar3,bar4,bar5,bar6,bar7
sword_758,my sword of amazeballs,dtype_758,100,1.3,bar0,bar1,bar2,bar3,bar4,bar5,bar6,bar7
sword_759,my sword of amazeballs,dtype_759,100,1.3,bar0,bar1,bar2,bar3,bar4,bar5,bar6,bar7
sword_760,my sword of amazeballs,dtype_760,100,1.3,bar0,bar1,bar2,bar3,bar4,bar5,bar6,bar7
sword_761,my sword of amazeballs,dtype_761,100,1.3,bar0,bar1,bar2,bar3,bar4,bar5,bar6,bar7
sword_762,my sword of amazeballs,dtype_762,100,1.3,bar0,bar1,bar2,bar3,bar4,bar5,bar6,bar7
sword_763,my sword of amazeballs,dtype_763,100,1.3,bar0,bar1,bar2,bar3,bar4,bar5,bar6,bar7
sword_764,my sword of amazeballs,dtype_764,100,1.3,bar0,bar1,bar2,bar3,bar4,bar5,bar6,bar7
sword_765,my sword of amazeballs,dtype_765,100,1.3,bar0,bar1,bar2,bar3,bar4,bar5,bar6,bar7
sword_766,my sword of amazeballs,dtype_766,100,1.3,bar0,bar1,bar2,bar3,bar4,bar5,bar6,bar7
sword_767,my sword of amazeballs,dtype_767,100,1.3,bar0,bar1,bar2,bar3,bar4,bar5,bar6,bar7
sword_768,my sword of amazeballs,dtype_768,100,1.3,bar0,bar1,bar2,bar3,bar4,bar5,bar6,bar7
sword_769,my sword of amazeballs,dtype_769,100,1.3,bar0,bar1,bar2,bar3,bar4,bar5,bar6,bar7
sword_770,my sword of amazeballs,dtype_770,100,1.3,bar0,bar1,bar2,bar3,bar4,bar5,bar6,bar7
sword_771,my sword of amazeballs,dtype_771,100,1.3,bar0,bar1,bar2,bar3,bar4,bar5,bar6,bar7
sword_772,my sword of amazeballs,dtype_772,100,1.3,bar0,bar1,bar2,bar3,bar4,bar5,bar6,bar7
sword_773,my sword of amazeballs,dtype_773,100,1.3,bar0,bar1,bar2,bar3,bar4,bar5,bar6,bar7
sword_774,my sword of amazeballs,dtype_774,100,1.3,bar0,bar1,bar2,bar3,bar4,bar5,bar6,bar7
sword_775,my sword of amazeballs,dtype_775,100,1.3,bar0,bar1,bar2,bar3,bar4,bar5,bar6,bar7
sword_776,my sword of amazeballs,dtype_776,100,1.3,bar0,bar1,bar2,bar3,bar4,bar5,bar6,bar7
sword_777,my sword of amazeballs,dtype_777,100,1.3,bar0,bar1,bar2,bar3,bar4,bar5,bar6,bar7
sword_778,my sword of amazeballs,dtype_778,100,1.3,bar0,bar1,bar2,bar3,bar4,bar5,bar6,bar7
sword_779,my sword of amazeballs,dtype_779,100,1.3,bar0,bar1,bar2,bar3,bar4,bar5,bar6,bar7
sword_780,my sword of amazeballs,dtype_780,100,1.3,bar0,bar1,bar2,bar3,bar4,bar5,bar6,bar7
sword_781,my sword of amazeballs,dtype_781,100,1.3,bar0,bar1,bar2,bar3,bar4,bar5,bar6,bar7
sword_782,my sword of amazeballs,dtype_782,100,1.3,bar0,bar1,bar2,bar3,bar4,bar5,bar6,bar7
sword_783,my sword of amazeballs,dtype_783,100,1.3,bar0,bar1,bar2,bar3,bar4,bar5,bar6,bar7
sword_784,my sword of amazeballs,dtype_784,100,1.3,bar0,bar1,bar2,bar3,bar4,bar5,bar6,bar7
sword_785,my sword of amazeballs,dtype_785,100,1.3,bar0,bar1,bar2,bar3,bar4,bar5,bar6,bar7
sword_786,my sword of amazeballs,dtype_786,100,1.3,bar0,bar1,bar2,bar3,bar4,bar5,bar6,bar7
sword_787,my sword of amazeballs,dtype_787,100,1.3,bar0,bar1,bar2,bar3,bar4,bar5,bar6,bar7
sword_788,my sword of amazeballs,dtype_788,100,1.3,bar0,bar1,bar2,bar3,bar4,bar5,bar6,bar7
sword_789,my sword of amazeballs,dtype_789,100,1.3,bar0,bar1,bar2,bar3,bar4,bar5,bar6,bar7
sword_790,my sword of amazeballs,dtype_790,100,1.3,bar0,bar1,bar2,bar3,bar4,bar5,bar6,bar7
sword_791,my sword of amazeballs,dtype_791,100,1.3,bar0,bar1,bar2,bar3,bar4,bar5,bar6,bar7
sword_792,my sword of amazeballs,dtype_792,100,1.3,bar0,bar1,bar2,bar3,bar4,bar5,bar6,bar7
sword_793,my sword of amazeballs,dtype_793,100,1.3,bar0,bar1,bar2,bar3,bar4,bar5,bar6,bar7
sword_794,my sword of amazeballs,dtype_794,100,1.3,bar0,bar1,bar2,bar3,bar4,bar5,bar6,bar7
sword_795,my sword of amazeballs,dtype_795,100,1.3,bar0,bar1,bar2,bar3,bar4,bar5,bar6,bar7
sword_796,my sword of amazeballs,dtype_796,100,1.3,bar0,bar1,bar2,bar3,bar4,bar5,bar6,bar7
sword_797,my sword of amazeballs,dtype_797,100,1.3,bar0,bar1,bar2,bar3,bar4,bar5,bar6,bar7
sword_798,my sword of amazeballs,dtype_798,100,1.3,bar0,bar1,bar2,bar3,bar4,bar5,bar6,bar7
sword_799,my sword of amazeballs,dtype_799,100,1.3,bar0,bar1,bar2,bar3,bar4,bar5,bar6,bar7
sword_800,my sword of amazeballs,dtype_800,100,1.3,bar0,bar1,bar2,bar3,bar4,bar5,bar6,bar7
sword_801,my sword of amazeballs,dtype_801,100,1.3,bar0,bar1,bar2,bar3,bar4,bar5,bar6,bar7
sword_802,my sword of amazeballs,dtype_802,100,1.3,bar0,bar1,bar2,bar3,bar4,bar5,bar6,bar7
sword_803,my sword of amazeballs,dtype_803,100,1.3,bar0,bar1,bar2,bar3,bar4,bar5,bar6,bar7
sword_804,my sword of amazeballs,dtype_804,100,1.3,bar0,bar1,bar2,bar3,bar4,bar5,bar6,bar7
sword_805,my sword of amazeballs,dtype_805,100,1.3,bar0,bar1,bar2,bar3,bar4,bar5,bar6,bar7
sword_806,my sword of amazeballs,dtype_806,100,1.3,bar0,bar1,bar2,bar3,bar4,bar5,bar6,bar7
sword_807,my sword of amazeballs,dtype_807,100,1.3,bar0,bar1,bar2,bar3,bar4,bar5,bar6,bar7
sword_808,my sword of amazeballs,dtype_808,100,1.3,bar0,bar1,bar2,bar3,bar4,bar5,bar6,bar7
sword_809,my sword of amazeballs,dtype_809,100,1.3,bar0,bar1,bar2,bar3,bar4,bar5,bar6,bar7
sword_810,my sword of amazeballs,dtype_810,100,1.3,bar0,bar1,bar2,bar3,bar4,bar5,bar6,bar7
sword_811,my sword of amazeballs,dtype_811,100,1.3,bar0,bar1,bar2,bar3,bar4,bar5,bar6,bar7
sword_812,my sword of amazeballs,dtype_812,100,1.3,bar0,bar1,bar2,bar3,bar4,bar5,bar6,bar7
sword_813,my sword of amazeballs,dtype_813,100,1.3,bar0,bar1,bar2,bar3,bar4,bar5,bar6,bar7
sword_814,my sword of amazeballs,dtype_814,100,1.3,bar0,bar1,bar2,bar3,bar4,bar5,bar6,bar7
sword_815,my sword of amazeballs,dtype_815,100,1.3,bar0,bar1,bar2,bar3,bar4,bar5,bar6,bar7
sword_816,my sword of amazeballs,dtype_816,100,1.3,bar0,bar1,bar2,bar3,bar4,bar5,bar6,bar7
sword_817,my sword of amazeballs,dtype_817,100,1.3,bar0,bar1,bar2,bar3,bar4,bar5,bar6,bar7
sword_818,my sword of amazeballs,dtype_818,100,1.3,bar0,bar1,bar2,bar3,bar4,bar5,bar6,bar7
sword_819,my sword of amazeballs,dtype_819,100,1.3,bar0,bar1,bar2,bar3,bar4,bar5,bar6,bar7
sword_820,my sword of amazeballs,dtype_820,100,1.3,bar0,bar1,bar2,bar3,bar4,bar5,bar6,bar7
sword_821,my sword of amazeballs,dtype_821,100,1.3,bar0,bar1,bar2,bar3,bar4,bar5,bar6,bar7
sword_822,my sword of amazeballs,dtype_822,100,1.3,bar0,bar1,bar2,bar3,bar4,bar5,bar6,bar7
sword_823,my sword of amazeballs,dtype_823,100,1.3,bar0,bar1,bar2,bar3,bar4,bar5,bar6,bar7
sword_824,my sword of amazeballs,dtype_824,100,1.3,bar0,bar1,bar2,bar3,bar4,bar5,bar6,bar7
sword_825,my sword of amazeballs,dtype_825,100,1.3,bar0,bar1,bar2,bar3,bar4,bar5,bar6,bar7
sword_826,my sword of amazeballs,dtype_826,100,1.3,bar0,bar1,bar2,bar3,bar4,bar5,bar6,bar7
sword_827,my sword of amazeballs,dtype_827,100,1.3,bar0,bar1,bar2,bar3,bar4,bar5,bar6,bar7
sword_828,my sword of amazeballs,dtype_828,100,1.3,bar0,bar1,bar2,bar3,bar4,bar5,bar6,bar7
sword_829,my sword of amazeballs,dtype_829,100,1.3,bar0,bar1,bar2,bar3,bar4,bar5,bar6,bar7
sword_830,my sword of amazeballs,dtype_830,100,1.3,bar0,bar1,bar2,bar3,bar4,bar5,bar6,bar7
sword_831,my sword of amazeballs,dtype_831,100,1.3,bar0,bar1,bar2,bar3,bar4,bar5,bar6,bar7
sword_832,my sword of amazeballs,dtype_832,100,1.3,bar0,bar1,bar2,bar3,bar4,bar5,bar6,bar7
sword_833,my sword of amazeballs,dtype_833,100,1.3,bar0,bar1,bar2,bar3,bar4,bar5,bar6,bar7
sword_834,my sword of amazeballs,dtype_834,100,1.3,bar0,bar1,bar2,bar3,bar4,bar5,bar6,bar7
sword_835,my sword of amazeballs,dtype_835,100,1.3,bar0,bar1,bar2,bar3,bar4,bar5,bar6,bar7
sword_836,my sword of amazeballs,dtype_836,100,1.3,bar0,bar1,bar2,bar3,bar4,bar5,bar6,bar7
sword_837,my sword of amazeballs,dtype_837,100,1.3,bar0,bar1,bar2,bar3,bar4,bar5,bar6,bar7
sword_838,my sword of amazeballs,dtype_838,100,1.3,bar0,bar1,bar2,bar3,bar4,bar5,bar6,bar7
sword_839,my sword of amazeballs,dtype_839,100,1.3,bar0,bar1,bar2,bar3,bar4,bar5,bar6,bar7
sword_840,my sword of amazeballs,dtype_840,100,1.3,bar0,bar1,bar2,bar3,bar4,bar5,bar6,bar7
sword_841,my sword of amazeballs,dtype_841,100,1.3,bar0,bar1,bar2,bar3,bar4,bar5,bar6,bar7
sword_842,my sword of amazeballs,dtype_842,100,1.3,bar0,bar1,bar2,bar3,bar4,bar5,bar6,bar7
sword_843,my sword of amazeballs,dtype_843,100,1.3,bar0,bar1,bar2,bar3,bar4,bar5,bar6,bar7
sword_844,my sword of amazeballs,dtype_844,100,1.3,bar0,bar1,bar2,bar3,bar4,bar5,bar6,bar7
sword_845,my sword of amazeballs,dtype_845,100,1.3,bar0,bar1,bar2,bar3,bar4,bar5,bar6,bar7
sword_846,my sword of amazeballs,dtype_846,100,1.3,bar0,bar1,bar2,bar3,bar4,bar5,bar6,bar7
sword_847,my sword of amazeballs,dtype_847,100,1.3,bar0,bar1,bar2,bar3,bar4,bar5,bar6,bar7
sword_848,my sword of amazeballs,dtype_848,100,1.3,bar0,bar1,bar2,bar3,bar4,bar5,bar6,bar7
sword_849,my sword of amazeballs,dtype_849,100,1.3,bar0,bar1,bar2,bar3,bar4,bar5,bar6,bar7
sword_850,my sword of amazeballs,dtype_850,100,1.3,bar0,bar1,bar2,bar3,bar4,bar5,bar6,bar7
sword_851,my sword of amazeballs,dtype_851,100,1.3,bar0,bar1,bar2,bar3,bar4,bar5,bar6,bar7
sword_852,my sword of amazeballs,dtype_852,100,1.3,bar0,bar1,bar2,bar3,bar4,bar5,bar6,bar7
sword_853,my sword of amazeballs,dtype_853,100,1.3,bar0,bar1,bar2,bar3,bar4,bar5,bar6,bar7
sword_854,my sword of amazeballs,dtype_854,100,1.3,bar0,bar1,bar2,bar3,bar4,bar5,bar6,bar7
sword_855,my sword of amazeballs,dtype_855,100,1.3,bar0,bar1,bar2,bar3,bar4,bar5,bar6,bar7
sword_856,my sword of amazeballs,dtype_856,100,1.3,bar0,bar1,bar2,bar3,bar4,bar5,bar6,bar7
sword_857,my sword of amazeballs,dtype_857,100,1.3,bar0,bar1,bar2,bar3,bar4,bar5,bar6,bar7
sword_858,my sword of amazeballs,dtype_858,100,1.3,bar0,bar1,bar2,bar3,bar4,bar5,bar6,bar7
sword_859,my sword of amazeballs,dtype_859,100,1.3,bar0,bar1,bar2,bar3,bar4,bar5,bar6,bar7
sword_860,my sword of amazeballs,dtype_860,100,1.3,bar0,bar1,bar2,bar3,bar4,bar5,bar6,bar7
sword_861,my sword of amazeballs,dtype_861,100,1.3,bar0,bar1,bar2,bar3,bar4,bar5,bar6,bar7
sword_862,my sword of amazeballs,dtype_862,100,1.3,bar0,bar1,bar2,bar3,bar4,bar5,bar6,bar7
sword_863,my sword of amazeballs,dtype_863,100,1.3,bar0,bar1,bar2,bar3,bar4,bar5,bar6,bar7
sword_864,my sword of amazeballs,dtype_864,100,1.3,bar0,bar1,bar2,bar3,bar4,bar5,bar6,bar7
sword_865,my sword of amazeballs,dtype_865,100,1.3,bar0,bar1,bar2,bar3,bar4,bar5,bar6,bar7
sword_866,my sword of amazeballs,dtype_866,100,1.3,bar0,bar1,bar2,bar3,bar4,bar5,bar6,bar7
sword_867,my sword of amazeballs,dtype_867,100,1.3,bar0,bar1,bar2,bar3,bar4,bar5,bar6,bar7
sword_868,my sword of amazeballs,dtype_868,100,1.3,bar0,bar1,bar2,bar3,bar4,bar5,bar6,bar7
sword_869,my sword of amazeballs,dtype_869,100,1.3,bar0,bar1,bar2,bar3,bar4,bar5,bar6,bar7
sword_870,my sword of amazeballs,dtype_870,100,1.3,bar0,bar1,bar2,bar3,bar4,bar5,bar6,bar7
sword_871,my sword of amazeballs,dtype_871,100,1.3,bar0,bar1,bar2,bar3,bar4,bar5,bar6,bar7
sword_872,my sword of amazeballs,dtype_872,100,1.3,bar0,bar1,bar2,bar3,bar4,bar5,bar6,bar7
sword_873,my sword of amazeballs,dtype_873,100,1.3,bar0,bar1,bar2,bar3,bar4,bar5,bar6,bar7
sword_874,my sword of amazeballs,dtype_874,100,1.3,bar0,bar1,bar2,bar3,bar4,bar5,bar6,bar7
sword_875,my sword of amazeballs,dtype_875,100,1.3,bar0,bar1,bar2,bar3,bar4,bar5,bar6,bar7
sword_876,my sword of amazeballs,dtype_876,100,1.3,bar0,bar1,bar2,bar3,bar4,bar5,bar6,bar7
sword_877,my sword of amazeballs,dtype_877,100,1.3,bar0,bar1,bar2,bar3,bar4,bar5,bar6,bar7
sword_878,my sword of amazeballs,dtype_878,100,1.3,bar0,bar1,bar2,bar3,bar4,bar5,bar6,bar7
sword_879,my sword of amazeballs,dtype_879,100,1.3,bar0,bar1,bar2,bar3,bar4,bar5,bar6,bar7
sword_880,my sword of amazeballs,dtype_880,100,1.3,bar0,bar1,bar2,bar3,bar4,bar5,bar6,bar7
sword_881,my sword of amazeballs,dtype_881,100,1.3,bar0,bar1,bar2,bar3,bar4,bar5,bar6,bar7
sword_882,my sword of amazeballs,dtype_882,100,1.3,bar0,bar1,bar2,bar3,bar4,bar5,bar6,bar7
sword_883,my sword of amazeballs,dtype_883,100,1.3,bar0,bar1,bar2,bar3,bar4,bar5,bar6,bar7
sword_884,my sword of amazeballs,dtype_884,100,1.3,bar0,bar1,bar2,bar3,bar4,bar5,bar6,bar7
sword_885,my sword of amazeballs,dtype_885,100,1.3,bar0,bar1,bar2,bar3,bar4,bar5,bar6,bar7
sword_886,my sword of amazeballs,dtype_886,100,1.3,bar0,bar1,bar2,bar3,bar4,bar5,bar6,bar7
sword_887,my sword of amazeballs,dtype_887,100,1.3,bar0,bar1,bar2,bar3,bar4,bar5,bar6,bar7
sword_888,my sword of amazeballs,dtype_888,100,1.3,bar0,bar1,bar2,bar3,bar4,bar5,bar6,bar7
sword_889,my sword of amazeballs,dtype_889,100,1.3,bar0,bar1,bar2,bar3,bar4,bar5,bar6,bar7
sword_890,my sword of amazeballs,dtype_890,100,1.3,bar0,bar1,bar2,bar3,bar4,bar5,bar6,bar7
sword_891,my sword of amazeballs,dtype_891,100,1.3,bar0,bar1,bar2,bar3,bar4,bar5,bar6,bar7
sword_892,my sword of amazeballs,dtype_892,100,1.3,bar0,bar1,bar2,bar3,bar4,bar5,bar6,bar7
sword_893,my sword of amazeballs,dtype_893,100,1.3,bar0,bar1,bar2,bar3,bar4,bar5,bar6,bar7
sword_894,my sword of amazeballs,dtype_894,100,1.3,bar0,bar1,bar2,bar3,bar4,bar5,bar6,bar7
sword_895,my sword of amazeballs,dtype_895,100,1.3,bar0,bar1,bar2,bar3,bar4,bar5,bar6,bar7
sword_896,my sword of amazeballs,dtype_896,100,1.3,bar0,bar1,bar2,bar3,bar4,bar5,bar6,bar7
sword_897,my sword of amazeballs,dtype_897,100,1.3,bar0,bar1,bar2,bar3,bar4,bar5,bar6,bar7
sword_898,my sword of amazeballs,dtype_898,100,1.3,bar0,bar1,bar2,bar3,bar4,bar5,bar6,bar7
sword_899,my sword of amazeballs,dtype_899,100,1.3,bar0,bar1,bar2,bar3,bar4,bar5,bar6,bar7
sword_900,my sword of amazeballs,dtype_900,100,1.3,bar0,bar1,bar2,bar3,bar4,bar5,bar6,bar7
sword_901,my sword of amazeballs,dtype_901,100,1.3,bar0,bar1,bar2,bar3,bar4,bar5,bar6,bar7
sword_902,my sword of amazeballs,dtype_902,100,1.3,bar0,bar1,bar2,bar3,bar4,bar5,bar6,bar7
sword_903,my sword of amazeballs,dtype_903,100,1.3,bar0,bar1,bar2,bar3,bar4,bar5,bar6,bar7
sword_904,my sword of amazeballs,dtype_904,100,1.3,bar0,bar1,bar2,bar3,bar4,bar5,bar6,bar7
sword_905,my sword of amazeballs,dtype_905,100,1.3,bar0,bar1,bar2,bar3,bar4,bar5,bar6,bar7
sword_906,my sword of amazeballs,dtype_906,100,1.3,bar0,bar1,bar2,bar3,bar4,bar5,bar6,bar7
sword_907,my sword of amazeballs,dtype_907,100,1.3,bar0,bar1,bar2,bar3,bar4,bar5,bar6,bar7
sword_908,my sword of amazeballs,dtype_908,100,1.3,bar0,bar1,bar2,bar3,bar4,bar5,bar6,bar7
sword_909,my sword of amazeballs,dtype_909,100,1.3,bar0,bar1,bar2,bar3,bar4,bar5,bar6,bar7
sword_910,my sword of amazeballs,dtype_910,100,1.3,bar0,bar1,bar2,bar3,bar4,bar5,bar6,bar7
sword_911,my sword of amazeballs,dtype_911,100,1.3,bar0,bar1,bar2,bar3,bar4,bar5,bar6,bar7
sword_912,my sword of amazeballs,dtype_912,100,1.3,bar0,bar1,bar2,bar3,bar4,bar5,bar6,bar7
sword_913,my sword of amazeballs,dtype_913,100,1.3,bar0,bar1,bar2,bar3,bar4,bar5,bar6,bar7
sword_914,my sword of amazeballs,dtype_914,100,1.3,bar0,bar1,bar2,bar3,bar4,bar5,bar6,bar7
sword_915,my sword of amazeballs,dtype_915,100,1.3,bar0,bar1,bar2,bar3,bar4,bar5,bar6,bar7
sword_916,my sword of amazeballs,dtype_916,100,1.3,bar0,bar1,bar2,bar3,bar4,bar5,bar6,bar7
sword_917,my sword of amazeballs,dtype_917,100,1.3,bar0,bar1,bar2,bar3,bar4,bar5,bar6,bar7
sword_918,my sword of amazeballs,dtype_918,100,1.3,bar0,bar1,bar2,bar3,bar4,bar5,bar6,bar7
sword_919,my sword of amazeballs,dtype_919,100,1.3,bar0,bar1,bar2,bar3,bar4,bar5,bar6,bar7
sword_920,my sword of amazeballs,dtype_920,100,1.3,bar0,bar1,bar2,bar3,bar4,bar5,bar6,bar7
sword_921,my sword of amazeballs,dtype_921,100,1.3,bar0,bar1,bar2,bar3,bar4,bar5,bar6,bar7
sword_922,my sword of amazeballs,dtype_922,100,1.3,bar0,bar1,bar2,bar3,bar4,bar5,bar6,bar7
sword_923,my sword of amazeballs,dtype_923,100,1.3,bar0,bar1,bar2,bar3,bar4,bar5,bar6,bar7
sword_924,my sword of amazeballs,dtype_924,100,1.3,bar0,bar1,bar2,bar3,bar4,bar5,bar6,bar7
sword_925,my sword of amazeballs,dtype_925,100,1.3,bar0,bar1,bar2,bar3,bar4,bar5,bar6,bar7
sword_926,my sword of amazeballs,dtype_926,100,1.3,bar0,bar1,bar2,bar3,bar4,bar5,bar6,bar7
sword_927,my sword of amazeballs,dtype_927,100,1.3,bar0,bar1,bar2,bar3,bar4,bar5,bar6,bar7
sword_928,my sword of amazeballs,dtype_928,100,1.3,bar0,bar1,bar2,bar3,bar4,bar5,bar6,bar7
sword_929,my sword of amazeballs,dtype_929,100,1.3,bar0,bar1,bar2,bar3,bar4,bar5,bar6,bar7
sword_930,my sword of amazeballs,dtype_930,100,1.3,bar0,bar1,bar2,bar3,bar4,bar5,bar6,bar7
sword_931,my sword of amazeballs,dtype_931,100,1.3,bar0,bar1,bar2,bar3,bar4,bar5,bar6,bar7
sword_932,my sword of amazeballs,dtype_932,100,1.3,bar0,bar1,bar2,bar3,bar4,bar5,bar6,bar7
sword_933,my sword of amazeballs,dtype_933,100,1.3,bar0,bar1,bar2,bar3,bar4,bar5,bar6,bar7
sword_934,my sword of amazeballs,dtype_934,100,1.3,bar0,bar1,bar2,bar3,bar4,bar5,bar6,bar7
sword_935,my sword of amazeballs,dtype_935,100,1.3,bar0,bar1,bar2,bar3,bar4,bar5,bar6,bar7
sword_936,my sword of amazeballs,dtype_936,100,1.3,bar0,bar1,bar2,bar3,bar4,bar5,bar6,bar7
sword_937,my sword of amazeballs,dtype_937,100,1.3,bar0,bar1,bar2,bar3,bar4,bar5,bar6,bar7
sword_938,my sword of amazeballs,dtype_938,100,1.3,bar0,bar1,bar2,bar3,bar4,bar5,bar6,bar7
sword_939,my sword of amazeballs,dtype_939,100,1.3,bar0,bar1,bar2,bar3,bar4,bar5,bar6,bar7
sword_940,my sword of amazeballs,dtype_940,100,1.3,bar0,bar1,bar2,bar3,bar4,bar5,bar6,bar7
sword_941,my sword of amazeballs,dtype_941,100,1.3,bar0,bar1,bar2,bar3,bar4,bar5,bar6,bar7
sword_942,my sword of amazeballs,dtype_942,100,1.3,bar0,bar1,bar2,bar3,bar4,bar5,bar6,bar7
sword_943,my sword of amazeballs,dtype_943,100,1.3,bar0,bar1,bar2,bar3,bar4,bar5,bar6,bar7
sword_944,my sword of amazeballs,dtype_944,100,1.3,bar0,bar1,bar2,bar3,bar4,bar5,bar6,bar7
sword_945,my sword of amazeballs,dtype_945,100,1.3,bar0,bar1,bar2,bar3,bar4,bar5,bar6,bar7
sword_946,my sword of amazeballs,dtype_946,100,1.3,bar0,bar1,bar2,bar3,bar4,bar5,bar6,bar7
sword_947,my sword of amazeballs,dtype_947,100,1.3,bar0,bar1,bar2,bar3,bar4,bar5,bar6,bar7
sword_948,my sword of amazeballs,dtype_948,100,1.3,bar0,bar1,bar2,bar3,bar4,bar5,bar6,bar7
sword_949,my sword of amazeballs,dtype_949,100,1.3,bar0,bar1,bar2,bar3,bar4,bar5,bar6,bar7
sword_950,my sword of amazeballs,dtype_950,100,1.3,bar0,bar1,bar2,bar3,bar4,bar5,bar6,bar7
sword_951,my sword of amazeballs,dtype_951,100,1.3,bar0,bar1,bar2,bar3,bar4,bar5,bar6,bar7
sword_952,my sword of amazeballs,dtype_952,100,1.3,bar0,bar1,bar2,bar3,bar4,bar5,bar6,bar7
sword_953,my sword of amazeballs,dtype_953,100,1.3,bar0,bar1,bar2,bar3,bar4,bar5,bar6,bar7
sword_954,my sword of amazeballs,dtype_954,100,1.3,bar0,bar1,bar2,bar3,bar4,bar5,bar6,bar7
sword_955,my sword of amazeballs,dtype_955,100,1.3,bar0,bar1,bar2,bar3,bar4,bar5,bar6,bar7
sword_956,my sword of amazeballs,dtype_956,100,1.3,bar0,bar1,bar2,bar3,bar4,bar5,bar6,bar7
sword_957,my sword of amazeballs,dtype_957,100,1.3,bar0,bar1,bar2,bar3,bar4,bar5,bar6,bar7
sword_958,my sword of amazeballs,dtype_958,100,1.3,bar0,bar1,bar2,bar3,bar4,bar5,bar6,bar7
sword_959,my sword of amazeballs,dtype_959,100,1.3,bar0,bar1,bar2,bar3,bar4,bar5,bar6,bar7
sword_960,my sword of amazeballs,dtype_960,100,1.3,bar0,bar1,bar2,bar3,bar4,bar5,bar6,bar7
sword_961,my sword of amazeballs,dtype_961,100,1.3,bar0,bar1,bar2,bar3,bar4,bar5,bar6,bar7
sword_962,my sword of amazeballs,dtype_962,100,1.3,bar0,bar1,bar2,bar3,bar4,bar5,bar6,bar7
sword_963,my sword of amazeballs,dtype_963,100,1.3,bar0,bar1,bar2,bar3,bar4,bar5,bar6,bar7
sword_964,my sword of amazeballs,dtype_964,100,1.3,bar0,bar1,bar2,bar3,bar4,bar5,bar6,bar7
sword_965,my sword of amazeballs,dtype_965,100,1.3,bar0,bar1,bar2,bar3,bar4,bar5,bar6,bar7
sword_966,my sword of amazeballs,dtype_966,100,1.3,bar0,bar1,bar2,bar3,bar4,bar5,bar6,bar7
sword_967,my sword of amazeballs,dtype_967,100,1.3,bar0,bar1,bar2,bar3,bar4,bar5,bar6,bar7
sword_968,my sword of amazeballs,dtype_968,100,1.3,bar0,bar1,bar2,bar3,bar4,bar5,bar6,bar7
sword_969,my sword of amazeballs,dtype_969,100,1.3,bar0,bar1,bar2,bar3,bar4,bar5,bar6,bar7
sword_970,my sword of amazeballs,dtype_970,100,1.3,bar0,bar1,bar2,bar3,bar4,bar5,bar6,bar7
sword_971,my sword of amazeballs,dtype_971,100,1.3,bar0,bar1,bar2,bar3,bar4,bar5,bar6,bar7
sword_972,my sword of amazeballs,dtype_972,100,1.3,bar0,bar1,bar2,bar3,bar4,bar5,bar6,bar7
sword_973,my sword of amazeballs,dtype_973,100,1.3,bar0,bar1,bar2,bar3,bar4,bar5,bar6,bar7
sword_974,my sword of amazeballs,dtype_974,100,1.3,bar0,bar1,bar2,bar3,bar4,bar5,bar6,bar7
sword_975,my sword of amazeballs,dtype_975,100,1.3,bar0,bar1,bar2,bar3,bar4,bar5,bar6,bar7
sword_976,my sword of amazeballs,dtype_976,100,1.3,bar0,bar1,bar2,bar3,bar4,bar5,bar6,bar7
sword_977,my sword of amazeballs,dtype_977,100,1.3,bar0,bar1,bar2,bar3,bar4,bar5,bar6,bar7
sword_978,my sword of amazeballs,dtype_978,100,1.3,bar0,bar1,bar2,bar3,bar4,bar5,bar6,bar7
sword_979,my sword of amazeballs,dtype_979,100,1.3,bar0,bar1,bar2,bar3,bar4,bar5,bar6,bar7
sword_980,my sword of amazeballs,dtype_980,100,1.3,bar0,bar1,bar2,bar3,bar4,bar5,bar6,bar7
sword_981,my sword of amazeballs,dtype_981,100,1.3,bar0,bar1,bar2,bar3,bar4,bar5,bar6,bar7
sword_982,my sword of amazeballs,dtype_982,100,1.3,bar0,bar1,bar2,bar3,bar4,bar5,bar6,bar7
sword_983,my sword of amazeballs,dtype_983,100,1.3,bar0,bar1,bar2,bar3,bar4,bar5,bar6,bar7
sword_984,my sword of amazeballs,dtype_984,100,1.3,bar0,bar1,bar2,bar3,bar4,bar5,bar6,bar7
sword_985,my sword of amazeballs,dtype_985,100,1.3,bar0,bar1,bar2,bar3,bar4,bar5,bar6,bar7
sword_986,my sword of amazeballs,dtype_986,100,1.3,bar0,bar1,bar2,bar3,bar4,bar5,bar6,bar7
sword_987,my sword of amazeballs,dtype_987,100,1.3,bar0,bar1,bar2,bar3,bar4,bar5,bar6,bar7
sword_988,my sword of amazeballs,dtype_988,100,1.3,bar0,bar1,bar2,bar3,bar4,bar5,bar6,bar7
sword_989,my sword of amazeballs,dtype_989,100,1.3,bar0,bar1,bar2,bar3,bar4,bar5,bar6,bar7
sword_990,my sword of amazeballs,dtype_990,100,1.3,bar0,bar1,bar2,bar3,bar4,bar5,bar6,bar7
sword_991,my sword of amazeballs,dtype_991,100,1.3,bar0,bar1,bar2,bar3,bar4,bar5,bar6,bar7
sword_992,my sword of amazeballs,dtype_992,100,1.3,bar0,bar1,bar2,bar3,bar4,bar5,bar6,bar7
sword_993,my sword of amazeballs,dtype_993,100,1.3,bar0,bar1,bar2,bar3,bar4,bar5,bar6,bar7
sword_994,my sword of amazeballs,dtype_994,100,1.3,bar0,bar1,bar2,bar3,bar4,bar5,bar6,bar7
sword_995,my sword of amazeballs,dtype_995,100,1.3,bar0,bar1,bar2,bar3,bar4,bar5,bar6,bar7
sword_996,my sword of amazeballs,dtype_996,100,1.3,bar0,bar1,bar2,bar3,bar4,bar5,bar6,bar7
sword_997,my sword of amazeballs,dtype_997,100,1.3,bar0,bar1,bar2,bar3,bar4,bar5,bar6,bar7
sword_998,my sword of amazeballs,dtype_998,100,1.3,bar0,bar1,bar2,bar3,bar4,bar5,bar6,bar7
sword_999,my sword of amazeballs,dtype_999,100,1.3,bar0,bar1,bar2,bar3,bar4,bar5,bar6,bar7